Product Name,Link
国本 大悟,https://www.amazon.co.jp/%25E5%259B%25BD%25E6%259C%25AC-%25E5%25A4%25A7%25E6%2582%259F/e/B07T42C7S1?ref=sr_ntt_srch_lnk_1&sr=8-1
須藤 秋良,https://www.amazon.co.jp/%25E9%25A0%2588%25E8%2597%25A4-%25E7%25A7%258B%25E8%2589%25AF/e/B07T5826FD?ref=sr_ntt_srch_lnk_1&sr=8-1
130,https://www.amazon.co.jp/%E3%82%B9%E3%83%83%E3%82%AD%E3%83%AA%E3%82%8F%E3%81%8B%E3%82%8BPython%E5%85%A5%E9%96%80-%E7%AC%AC2%E7%89%88-%E3%82%B9%E3%83%83%E3%82%AD%E3%83%AA%E3%82%8F%E3%81%8B%E3%82%8B%E5%85%A5%E9%96%80%E3%82%B7%E3%83%AA%E3%83%BC%E3%82%BA-%E5%9B%BD%E6%9C%AC-%E5%A4%A7%E6%82%9F/dp/4295016365#customerReviews
単行本（ソフトカバー）,https://www.amazon.co.jp/%E3%82%B9%E3%83%83%E3%82%AD%E3%83%AA%E3%82%8F%E3%81%8B%E3%82%8BPython%E5%85%A5%E9%96%80-%E7%AC%AC2%E7%89%88-%E3%82%B9%E3%83%83%E3%82%AD%E3%83%AA%E3%82%8F%E3%81%8B%E3%82%8B%E5%85%A5%E9%96%80%E3%82%B7%E3%83%AA%E3%83%BC%E3%82%BA-%E5%9B%BD%E6%9C%AC-%E5%A4%A7%E6%82%9F/dp/4295016365
"￥2,750￥2,750",https://www.amazon.co.jp/%E3%82%B9%E3%83%83%E3%82%AD%E3%83%AA%E3%82%8F%E3%81%8B%E3%82%8BPython%E5%85%A5%E9%96%80-%E7%AC%AC2%E7%89%88-%E3%82%B9%E3%83%83%E3%82%AD%E3%83%AA%E3%82%8F%E3%81%8B%E3%82%8B%E5%85%A5%E9%96%80%E3%82%B7%E3%83%AA%E3%83%BC%E3%82%BA-%E5%9B%BD%E6%9C%AC-%E5%A4%A7%E6%82%9F/dp/4295016365
(36点の中古品と新品),https://www.amazon.co.jp/gp/offer-listing/4295016365/ref=sr_1_1_olp?keywords=python+%E6%9C%AC&sr=8-1
Kindle版 (電子書籍),https://www.amazon.co.jp/%E3%82%B9%E3%83%83%E3%82%AD%E3%83%AA%E3%82%8F%E3%81%8B%E3%82%8BPython%E5%85%A5%E9%96%80-%E7%AC%AC2%E7%89%88-%E3%82%B9%E3%83%83%E3%82%AD%E3%83%AA%E3%82%8F%E3%81%8B%E3%82%8B%E3%82%B7%E3%83%AA%E3%83%BC%E3%82%BA-%E5%9B%BD%E6%9C%AC%E5%A4%A7%E6%82%9F-ebook/dp/B0CMCW94LP
サプー,https://www.amazon.co.jp/%25E3%2582%25B5%25E3%2583%2597%25E3%2583%25BC/e/B0DB76DFKC?ref=sr_ntt_srch_lnk_2&sr=8-2
123,https://www.amazon.co.jp/VTuber%E3%82%B5%E3%83%97%E3%83%BC%E3%81%8C%E6%95%99%E3%81%88%E3%82%8B%EF%BC%81-Python-%E5%88%9D%E5%BF%83%E8%80%85%E3%81%AE%E3%82%B3%E3%83%BC%E3%83%89%EF%BC%8F%E3%83%97%E3%83%AD%E3%81%AE%E3%82%B3%E3%83%BC%E3%83%89-%E3%82%B5%E3%83%97%E3%83%BC-ebook/dp/B0D8KNXRK9#customerReviews
Kindle版 (電子書籍),https://www.amazon.co.jp/VTuber%E3%82%B5%E3%83%97%E3%83%BC%E3%81%8C%E6%95%99%E3%81%88%E3%82%8B%EF%BC%81-Python-%E5%88%9D%E5%BF%83%E8%80%85%E3%81%AE%E3%82%B3%E3%83%BC%E3%83%89%EF%BC%8F%E3%83%97%E3%83%AD%E3%81%AE%E3%82%B3%E3%83%BC%E3%83%89-%E3%82%B5%E3%83%97%E3%83%BC-ebook/dp/B0D8KNXRK9
"￥2,803￥2,803",https://www.amazon.co.jp/VTuber%E3%82%B5%E3%83%97%E3%83%BC%E3%81%8C%E6%95%99%E3%81%88%E3%82%8B%EF%BC%81-Python-%E5%88%9D%E5%BF%83%E8%80%85%E3%81%AE%E3%82%B3%E3%83%BC%E3%83%89%EF%BC%8F%E3%83%97%E3%83%AD%E3%81%AE%E3%82%B3%E3%83%BC%E3%83%89-%E3%82%B5%E3%83%97%E3%83%BC-ebook/dp/B0D8KNXRK9
詳細はこちら,https://www.amazon.co.jp/b?node=18242783051&ref=dbs_points_tlp
単行本（ソフトカバー）,https://www.amazon.co.jp/VTuber%E3%82%B5%E3%83%97%E3%83%BC%E3%81%8C%E6%95%99%E3%81%88%E3%82%8B%EF%BC%81-Python-%E5%88%9D%E5%BF%83%E8%80%85%E3%81%AE%E3%82%B3%E3%83%BC%E3%83%89%EF%BC%8F%E3%83%97%E3%83%AD%E3%81%AE%E3%82%B3%E3%83%BC%E3%83%89-%E3%82%B5%E3%83%97%E3%83%BC/dp/4297142856
山田 祥寛,https://www.amazon.co.jp/%25E5%25B1%25B1%25E7%2594%25B0-%25E7%25A5%25A5%25E5%25AF%259B/e/B004LR8730?ref=sr_ntt_srch_lnk_3&sr=8-3
6,https://www.amazon.co.jp/%E7%8B%AC%E7%BF%92Python-%E7%AC%AC2%E7%89%88-%E5%B1%B1%E7%94%B0-%E7%A5%A5%E5%AF%9B/dp/4798189499#customerReviews
単行本（ソフトカバー）,https://www.amazon.co.jp/%E7%8B%AC%E7%BF%92Python-%E7%AC%AC2%E7%89%88-%E5%B1%B1%E7%94%B0-%E7%A5%A5%E5%AF%9B/dp/4798189499
"￥3,608￥3,608",https://www.amazon.co.jp/%E7%8B%AC%E7%BF%92Python-%E7%AC%AC2%E7%89%88-%E5%B1%B1%E7%94%B0-%E7%A5%A5%E5%AF%9B/dp/4798189499
(26点の中古品と新品),https://www.amazon.co.jp/gp/offer-listing/4798189499/ref=sr_1_3_olp?keywords=python+%E6%9C%AC&sr=8-3
Kindle版 (電子書籍),https://www.amazon.co.jp/%E7%8B%AC%E7%BF%92Python-%E7%AC%AC2%E7%89%88%E3%80%90Kindle%E9%99%90%E5%AE%9A%E5%9B%BA%E5%AE%9A%E5%9E%8B%E3%80%91-%E5%B1%B1%E7%94%B0-%E7%A5%A5%E5%AF%9B-ebook/dp/B0F28BVGS2
3,https://www.amazon.co.jp/Python%E3%82%AF%E3%82%A4%E3%83%83%E3%82%AF%E3%83%AA%E3%83%95%E3%82%A1%E3%83%AC%E3%83%B3%E3%82%B9-%E7%AC%AC4%E7%89%88-Alex-Martelli/dp/4814400810#customerReviews
単行本（ソフトカバー）,https://www.amazon.co.jp/Python%E3%82%AF%E3%82%A4%E3%83%83%E3%82%AF%E3%83%AA%E3%83%95%E3%82%A1%E3%83%AC%E3%83%B3%E3%82%B9-%E7%AC%AC4%E7%89%88-Alex-Martelli/dp/4814400810
"￥5,280￥5,280",https://www.amazon.co.jp/Python%E3%82%AF%E3%82%A4%E3%83%83%E3%82%AF%E3%83%AA%E3%83%95%E3%82%A1%E3%83%AC%E3%83%B3%E3%82%B9-%E7%AC%AC4%E7%89%88-Alex-Martelli/dp/4814400810
Guido van Rossum,https://www.amazon.co.jp/Guido-van-Rossum/e/B0034OPA4K?ref=sr_ntt_srch_lnk_5&sr=8-5
240,https://www.amazon.co.jp/Python%E3%83%81%E3%83%A5%E3%83%BC%E3%83%88%E3%83%AA%E3%82%A2%E3%83%AB-%E7%AC%AC4%E7%89%88-Guido-van-Rossum/dp/4873119359#customerReviews
単行本（ソフトカバー）,https://www.amazon.co.jp/Python%E3%83%81%E3%83%A5%E3%83%BC%E3%83%88%E3%83%AA%E3%82%A2%E3%83%AB-%E7%AC%AC4%E7%89%88-Guido-van-Rossum/dp/4873119359
"￥1,980￥1,980",https://www.amazon.co.jp/Python%E3%83%81%E3%83%A5%E3%83%BC%E3%83%88%E3%83%AA%E3%82%A2%E3%83%AB-%E7%AC%AC4%E7%89%88-Guido-van-Rossum/dp/4873119359
(38点の中古品と新品),https://www.amazon.co.jp/gp/offer-listing/4873119359/ref=sr_1_5_olp?keywords=python+%E6%9C%AC&sr=8-5
酒井 潤,https://www.amazon.co.jp/%25E9%2585%2592%25E4%25BA%2595-%25E6%25BD%25A4/e/B01C9Q9QC0?ref=sr_ntt_srch_lnk_6&sr=8-6
372,https://www.amazon.co.jp/%E3%82%B7%E3%83%AA%E3%82%B3%E3%83%B3%E3%83%90%E3%83%AC%E3%83%BC%E4%B8%80%E6%B5%81%E3%83%97%E3%83%AD%E3%82%B0%E3%83%A9%E3%83%9E%E3%83%BC%E3%81%8C%E6%95%99%E3%81%88%E3%82%8B-Python%E3%83%97%E3%83%AD%E3%83%95%E3%82%A7%E3%83%83%E3%82%B7%E3%83%A7%E3%83%8A%E3%83%AB%E5%A4%A7%E5%85%A8-%E9%85%92%E4%BA%95-%E6%BD%A4/dp/4046057548#customerReviews
単行本,https://www.amazon.co.jp/%E3%82%B7%E3%83%AA%E3%82%B3%E3%83%B3%E3%83%90%E3%83%AC%E3%83%BC%E4%B8%80%E6%B5%81%E3%83%97%E3%83%AD%E3%82%B0%E3%83%A9%E3%83%9E%E3%83%BC%E3%81%8C%E6%95%99%E3%81%88%E3%82%8B-Python%E3%83%97%E3%83%AD%E3%83%95%E3%82%A7%E3%83%83%E3%82%B7%E3%83%A7%E3%83%8A%E3%83%AB%E5%A4%A7%E5%85%A8-%E9%85%92%E4%BA%95-%E6%BD%A4/dp/4046057548
"￥2,860￥2,860",https://www.amazon.co.jp/%E3%82%B7%E3%83%AA%E3%82%B3%E3%83%B3%E3%83%90%E3%83%AC%E3%83%BC%E4%B8%80%E6%B5%81%E3%83%97%E3%83%AD%E3%82%B0%E3%83%A9%E3%83%9E%E3%83%BC%E3%81%8C%E6%95%99%E3%81%88%E3%82%8B-Python%E3%83%97%E3%83%AD%E3%83%95%E3%82%A7%E3%83%83%E3%82%B7%E3%83%A7%E3%83%8A%E3%83%AB%E5%A4%A7%E5%85%A8-%E9%85%92%E4%BA%95-%E6%BD%A4/dp/4046057548
(42点の中古品と新品),https://www.amazon.co.jp/gp/offer-listing/4046057548/ref=sr_1_6_olp?keywords=python+%E6%9C%AC&sr=8-6
Kindle版 (電子書籍),https://www.amazon.co.jp/%E3%82%B7%E3%83%AA%E3%82%B3%E3%83%B3%E3%83%90%E3%83%AC%E3%83%BC%E4%B8%80%E6%B5%81%E3%83%97%E3%83%AD%E3%82%B0%E3%83%A9%E3%83%9E%E3%83%BC%E3%81%8C%E6%95%99%E3%81%88%E3%82%8B-Python%E3%83%97%E3%83%AD%E3%83%95%E3%82%A7%E3%83%83%E3%82%B7%E3%83%A7%E3%83%8A%E3%83%AB%E5%A4%A7%E5%85%A8-%E9%85%92%E4%BA%95-%E6%BD%A4-ebook/dp/B0B86X674R
クジラ飛行机,https://www.amazon.co.jp/%25E3%2582%25AF%25E3%2582%25B8%25E3%2583%25A9%25E9%25A3%259B%25E8%25A1%258C%25E6%259C%25BA/e/B004LUJAJC?ref=sr_ntt_srch_lnk_7&sr=8-7
杉山 陽一,https://www.amazon.co.jp/%25E6%259D%2589%25E5%25B1%25B1-%25E9%2599%25BD%25E4%25B8%2580/e/B0FF9HP777?ref=sr_ntt_srch_lnk_7&sr=8-7
10,https://www.amazon.co.jp/Python%E3%81%A7%E3%81%A4%E3%81%8F%E3%82%8B-Web%E3%82%A2%E3%83%97%E3%83%AA%E3%81%AE%E3%81%A4%E3%81%8F%E3%82%8A%E6%96%B9-%E3%82%AF%E3%82%B8%E3%83%A9%E9%A3%9B%E8%A1%8C%E6%9C%BA/dp/4802614969#customerReviews
単行本（ソフトカバー）,https://www.amazon.co.jp/Python%E3%81%A7%E3%81%A4%E3%81%8F%E3%82%8B-Web%E3%82%A2%E3%83%97%E3%83%AA%E3%81%AE%E3%81%A4%E3%81%8F%E3%82%8A%E6%96%B9-%E3%82%AF%E3%82%B8%E3%83%A9%E9%A3%9B%E8%A1%8C%E6%9C%BA/dp/4802614969
"￥3,520￥3,520",https://www.amazon.co.jp/Python%E3%81%A7%E3%81%A4%E3%81%8F%E3%82%8B-Web%E3%82%A2%E3%83%97%E3%83%AA%E3%81%AE%E3%81%A4%E3%81%8F%E3%82%8A%E6%96%B9-%E3%82%AF%E3%82%B8%E3%83%A9%E9%A3%9B%E8%A1%8C%E6%9C%BA/dp/4802614969
金城俊哉,https://www.amazon.co.jp/%25E9%2587%2591%25E5%259F%258E%25E4%25BF%258A%25E5%2593%2589/e/B004LTCJ0U?ref=sr_ntt_srch_lnk_8&sr=8-8
53,https://www.amazon.co.jp/Python%E3%83%97%E3%83%AD%E3%82%B0%E3%83%A9%E3%83%9F%E3%83%B3%E3%82%B0%E3%83%91%E3%83%BC%E3%83%95%E3%82%A7%E3%82%AF%E3%83%88%E3%83%9E%E3%82%B9%E3%82%BF%E3%83%BC%EF%BC%BB%E6%9C%80%E6%96%B0Visual-Studio-Code%E5%AF%BE%E5%BF%9C-Perfect-Master/dp/4798070661#customerReviews
単行本（ソフトカバー）,https://www.amazon.co.jp/Python%E3%83%97%E3%83%AD%E3%82%B0%E3%83%A9%E3%83%9F%E3%83%B3%E3%82%B0%E3%83%91%E3%83%BC%E3%83%95%E3%82%A7%E3%82%AF%E3%83%88%E3%83%9E%E3%82%B9%E3%82%BF%E3%83%BC%EF%BC%BB%E6%9C%80%E6%96%B0Visual-Studio-Code%E5%AF%BE%E5%BF%9C-Perfect-Master/dp/4798070661
"￥3,520￥3,520",https://www.amazon.co.jp/Python%E3%83%97%E3%83%AD%E3%82%B0%E3%83%A9%E3%83%9F%E3%83%B3%E3%82%B0%E3%83%91%E3%83%BC%E3%83%95%E3%82%A7%E3%82%AF%E3%83%88%E3%83%9E%E3%82%B9%E3%82%BF%E3%83%BC%EF%BC%BB%E6%9C%80%E6%96%B0Visual-Studio-Code%E5%AF%BE%E5%BF%9C-Perfect-Master/dp/4798070661
(30点の中古品と新品),https://www.amazon.co.jp/gp/offer-listing/4798070661/ref=sr_1_8_olp?keywords=python+%E6%9C%AC&sr=8-8
Kindle版 (電子書籍),https://www.amazon.co.jp/Python%E3%83%97%E3%83%AD%E3%82%B0%E3%83%A9%E3%83%9F%E3%83%B3%E3%82%B0%E3%83%91%E3%83%BC%E3%83%95%E3%82%A7%E3%82%AF%E3%83%88%E3%83%9E%E3%82%B9%E3%82%BF%E3%83%BC-%E6%9C%80%E6%96%B0Visual-Studio-Code%E5%AF%BE%E5%BF%9C-%E7%AC%AC4%E7%89%88-ebook/dp/B0CLCJ8T2G
wat,https://www.amazon.co.jp/wat/e/B0DB1M3YLQ?ref=sr_ntt_srch_lnk_9&sr=8-9
35,https://www.amazon.co.jp/%E3%81%84%E3%81%8D%E3%81%AA%E3%82%8A%E3%83%97%E3%83%AD%E3%82%B0%E3%83%A9%E3%83%9F%E3%83%B3%E3%82%B0-Python-wat/dp/4798184861#customerReviews
単行本（ソフトカバー）,https://www.amazon.co.jp/%E3%81%84%E3%81%8D%E3%81%AA%E3%82%8A%E3%83%97%E3%83%AD%E3%82%B0%E3%83%A9%E3%83%9F%E3%83%B3%E3%82%B0-Python-wat/dp/4798184861
"￥2,420￥2,420",https://www.amazon.co.jp/%E3%81%84%E3%81%8D%E3%81%AA%E3%82%8A%E3%83%97%E3%83%AD%E3%82%B0%E3%83%A9%E3%83%9F%E3%83%B3%E3%82%B0-Python-wat/dp/4798184861
Kindle版 (電子書籍),https://www.amazon.co.jp/%E3%81%84%E3%81%8D%E3%81%AA%E3%82%8A%E3%83%97%E3%83%AD%E3%82%B0%E3%83%A9%E3%83%9F%E3%83%B3%E3%82%B0-Python-wat-ebook/dp/B0D24PDCJK
山田 祥寛,https://www.amazon.co.jp/%25E5%25B1%25B1%25E7%2594%25B0-%25E7%25A5%25A5%25E5%25AF%259B/e/B004LR8730?ref=sr_ntt_srch_lnk_10&sr=8-10
332,https://www.amazon.co.jp/%E7%8B%AC%E7%BF%92Python-%E5%B1%B1%E7%94%B0-%E7%A5%A5%E5%AF%9B-ebook/dp/B087JDXCX9#customerReviews
Kindle版 (電子書籍),https://www.amazon.co.jp/%E7%8B%AC%E7%BF%92Python-%E5%B1%B1%E7%94%B0-%E7%A5%A5%E5%AF%9B-ebook/dp/B087JDXCX9
"￥3,300￥3,300",https://www.amazon.co.jp/%E7%8B%AC%E7%BF%92Python-%E5%B1%B1%E7%94%B0-%E7%A5%A5%E5%AF%9B-ebook/dp/B087JDXCX9
詳細はこちら,https://www.amazon.co.jp/b?node=18242783051&ref=dbs_points_tlp
単行本（ソフトカバー）,https://www.amazon.co.jp/%E7%8B%AC%E7%BF%92Python-%E5%B1%B1%E7%94%B0-%E7%A5%A5%E5%AF%9B/dp/4798163643
単行本,https://www.amazon.co.jp/Python%E3%81%A7%E5%8B%95%E3%81%8B%E3%81%97%E3%81%AA%E3%81%8C%E3%82%89%E5%AD%A6%E3%81%B6-%E3%82%B3%E3%83%B3%E3%83%94%E3%83%A5%E3%83%BC%E3%82%BF%E3%83%8D%E3%83%83%E3%83%88%E3%83%AF%E3%83%BC%E3%82%AF-KS%E6%83%85%E5%A0%B1%E7%A7%91%E5%AD%A6%E5%B0%82%E9%96%80%E6%9B%B8-%E4%B8%AD%E5%B1%B1-%E6%82%A0/dp/4065402093
"￥4,180￥4,180",https://www.amazon.co.jp/Python%E3%81%A7%E5%8B%95%E3%81%8B%E3%81%97%E3%81%AA%E3%81%8C%E3%82%89%E5%AD%A6%E3%81%B6-%E3%82%B3%E3%83%B3%E3%83%94%E3%83%A5%E3%83%BC%E3%82%BF%E3%83%8D%E3%83%83%E3%83%88%E3%83%AF%E3%83%BC%E3%82%AF-KS%E6%83%85%E5%A0%B1%E7%A7%91%E5%AD%A6%E5%B0%82%E9%96%80%E6%9B%B8-%E4%B8%AD%E5%B1%B1-%E6%82%A0/dp/4065402093
黒住 敬之,https://www.amazon.co.jp/%25E9%25BB%2592%25E4%25BD%258F-%25E6%2595%25AC%25E4%25B9%258B/e/B0DPZT7C88?ref=sr_ntt_srch_lnk_12&sr=8-12
2,https://www.amazon.co.jp/%E6%94%B9%E8%A8%82%E6%96%B0%E7%89%88-Python%E3%82%B3%E3%83%BC%E3%83%89%E3%83%AC%E3%82%B7%E3%83%94%E9%9B%86-%E9%BB%92%E4%BD%8F-%E6%95%AC%E4%B9%8B/dp/4297149516#customerReviews
単行本（ソフトカバー）,https://www.amazon.co.jp/%E6%94%B9%E8%A8%82%E6%96%B0%E7%89%88-Python%E3%82%B3%E3%83%BC%E3%83%89%E3%83%AC%E3%82%B7%E3%83%94%E9%9B%86-%E9%BB%92%E4%BD%8F-%E6%95%AC%E4%B9%8B/dp/4297149516
"￥3,080￥3,080",https://www.amazon.co.jp/%E6%94%B9%E8%A8%82%E6%96%B0%E7%89%88-Python%E3%82%B3%E3%83%BC%E3%83%89%E3%83%AC%E3%82%B7%E3%83%94%E9%9B%86-%E9%BB%92%E4%BD%8F-%E6%95%AC%E4%B9%8B/dp/4297149516
Kindle版 (電子書籍),https://www.amazon.co.jp/%E6%94%B9%E8%A8%82%E6%96%B0%E7%89%88-Python%E3%82%B3%E3%83%BC%E3%83%89%E3%83%AC%E3%82%B7%E3%83%94%E9%9B%86-%E9%BB%92%E4%BD%8F-%E6%95%AC%E4%B9%8B-ebook/dp/B0F89Q626T
國仲 寛人,https://www.amazon.co.jp/%25E5%259C%258B%25E4%25BB%25B2-%25E5%25AF%259B%25E4%25BA%25BA/e/B0DNZFDHW3?ref=sr_ntt_srch_lnk_13&sr=8-13
7,https://www.amazon.co.jp/VPython%E3%81%A7%E8%A6%8B%E3%81%A6%E5%AD%A6%E3%81%B6-%E7%89%A9%E7%90%86%E3%82%B7%E3%83%9F%E3%83%A5%E3%83%AC%E3%83%BC%E3%82%B7%E3%83%A7%E3%83%B3%E5%85%A5%E9%96%80-%E5%9C%8B%E4%BB%B2-%E5%AF%9B%E4%BA%BA/dp/4297145588#customerReviews
単行本（ソフトカバー）,https://www.amazon.co.jp/VPython%E3%81%A7%E8%A6%8B%E3%81%A6%E5%AD%A6%E3%81%B6-%E7%89%A9%E7%90%86%E3%82%B7%E3%83%9F%E3%83%A5%E3%83%AC%E3%83%BC%E3%82%B7%E3%83%A7%E3%83%B3%E5%85%A5%E9%96%80-%E5%9C%8B%E4%BB%B2-%E5%AF%9B%E4%BA%BA/dp/4297145588
"￥2,970￥2,970",https://www.amazon.co.jp/VPython%E3%81%A7%E8%A6%8B%E3%81%A6%E5%AD%A6%E3%81%B6-%E7%89%A9%E7%90%86%E3%82%B7%E3%83%9F%E3%83%A5%E3%83%AC%E3%83%BC%E3%82%B7%E3%83%A7%E3%83%B3%E5%85%A5%E9%96%80-%E5%9C%8B%E4%BB%B2-%E5%AF%9B%E4%BA%BA/dp/4297145588
Kindle版 (電子書籍),https://www.amazon.co.jp/VPython%E3%81%A7%E8%A6%8B%E3%81%A6%E5%AD%A6%E3%81%B6-%E7%89%A9%E7%90%86%E3%82%B7%E3%83%9F%E3%83%A5%E3%83%AC%E3%83%BC%E3%82%B7%E3%83%A7%E3%83%B3%E5%85%A5%E9%96%80-%E5%9C%8B%E4%BB%B2-%E5%AF%9B%E4%BA%BA-ebook/dp/B0D59RYCNC
159,https://www.amazon.co.jp/%E5%BE%B9%E5%BA%95%E6%94%BB%E7%95%A5Python-3-%E3%82%A8%E3%83%B3%E3%82%B8%E3%83%8B%E3%82%A2%E8%AA%8D%E5%AE%9A%EF%BC%BB%E5%9F%BA%E7%A4%8E%E8%A9%A6%E9%A8%93%EF%BC%BD%E5%95%8F%E9%A1%8C%E9%9B%86-%E6%A0%AA%E5%BC%8F%E4%BC%9A%E7%A4%BE%E3%83%93%E3%83%BC%E3%83%97%E3%83%A9%E3%82%A6%E3%83%89/dp/4295016055#customerReviews
単行本（ソフトカバー）,https://www.amazon.co.jp/%E5%BE%B9%E5%BA%95%E6%94%BB%E7%95%A5Python-3-%E3%82%A8%E3%83%B3%E3%82%B8%E3%83%8B%E3%82%A2%E8%AA%8D%E5%AE%9A%EF%BC%BB%E5%9F%BA%E7%A4%8E%E8%A9%A6%E9%A8%93%EF%BC%BD%E5%95%8F%E9%A1%8C%E9%9B%86-%E6%A0%AA%E5%BC%8F%E4%BC%9A%E7%A4%BE%E3%83%93%E3%83%BC%E3%83%97%E3%83%A9%E3%82%A6%E3%83%89/dp/4295016055
"￥2,640￥2,640",https://www.amazon.co.jp/%E5%BE%B9%E5%BA%95%E6%94%BB%E7%95%A5Python-3-%E3%82%A8%E3%83%B3%E3%82%B8%E3%83%8B%E3%82%A2%E8%AA%8D%E5%AE%9A%EF%BC%BB%E5%9F%BA%E7%A4%8E%E8%A9%A6%E9%A8%93%EF%BC%BD%E5%95%8F%E9%A1%8C%E9%9B%86-%E6%A0%AA%E5%BC%8F%E4%BC%9A%E7%A4%BE%E3%83%93%E3%83%BC%E3%83%97%E3%83%A9%E3%82%A6%E3%83%89/dp/4295016055
(31点の中古品と新品),https://www.amazon.co.jp/gp/offer-listing/4295016055/ref=sr_1_14_olp?keywords=python+%E6%9C%AC&sr=8-14
Kindle版 (電子書籍),https://www.amazon.co.jp/%E5%BE%B9%E5%BA%95%E6%94%BB%E7%95%A5Python-3-%E3%82%A8%E3%83%B3%E3%82%B8%E3%83%8B%E3%82%A2%E8%AA%8D%E5%AE%9A%EF%BC%BB%E5%9F%BA%E7%A4%8E%E8%A9%A6%E9%A8%93%EF%BC%BD%E5%95%8F%E9%A1%8C%E9%9B%86-%E5%BE%B9%E5%BA%95%E6%94%BB%E7%95%A5%E3%82%B7%E3%83%AA%E3%83%BC%E3%82%BA-%E6%A0%AA%E5%BC%8F%E4%BC%9A%E7%A4%BE%E3%83%93%E3%83%BC%E3%83%97%E3%83%A9%E3%82%A6%E3%83%89-ebook/dp/B0BX343K9Y
森 巧尚,https://www.amazon.co.jp/%25E6%25A3%25AE-%25E5%25B7%25A7%25E5%25B0%259A/e/B004JDV8ZA?ref=sr_ntt_srch_lnk_15&sr=8-15
283,https://www.amazon.co.jp/Python1%E5%B9%B4%E7%94%9F-%E7%AC%AC2%E7%89%88-%E4%BD%93%E9%A8%93%E3%81%97%E3%81%A6%E3%82%8F%E3%81%8B%E3%82%8B%EF%BC%81%E4%BC%9A%E8%A9%B1%E3%81%A7%E3%81%BE%E3%81%AA%E3%81%B9%E3%82%8B%EF%BC%81%E3%83%97%E3%83%AD%E3%82%B0%E3%83%A9%E3%83%9F%E3%83%B3%E3%82%B0%E3%81%AE%E3%81%97%E3%81%8F%E3%81%BF-%E6%A3%AE-%E5%B7%A7%E5%B0%9A-ebook/dp/B0B49MYZ67#customerReviews
Kindle版 (電子書籍),https://www.amazon.co.jp/Python1%E5%B9%B4%E7%94%9F-%E7%AC%AC2%E7%89%88-%E4%BD%93%E9%A8%93%E3%81%97%E3%81%A6%E3%82%8F%E3%81%8B%E3%82%8B%EF%BC%81%E4%BC%9A%E8%A9%B1%E3%81%A7%E3%81%BE%E3%81%AA%E3%81%B9%E3%82%8B%EF%BC%81%E3%83%97%E3%83%AD%E3%82%B0%E3%83%A9%E3%83%9F%E3%83%B3%E3%82%B0%E3%81%AE%E3%81%97%E3%81%8F%E3%81%BF-%E6%A3%AE-%E5%B7%A7%E5%B0%9A-ebook/dp/B0B49MYZ67
"￥2,134￥2,134",https://www.amazon.co.jp/Python1%E5%B9%B4%E7%94%9F-%E7%AC%AC2%E7%89%88-%E4%BD%93%E9%A8%93%E3%81%97%E3%81%A6%E3%82%8F%E3%81%8B%E3%82%8B%EF%BC%81%E4%BC%9A%E8%A9%B1%E3%81%A7%E3%81%BE%E3%81%AA%E3%81%B9%E3%82%8B%EF%BC%81%E3%83%97%E3%83%AD%E3%82%B0%E3%83%A9%E3%83%9F%E3%83%B3%E3%82%B0%E3%81%AE%E3%81%97%E3%81%8F%E3%81%BF-%E6%A3%AE-%E5%B7%A7%E5%B0%9A-ebook/dp/B0B49MYZ67
詳細はこちら,https://www.amazon.co.jp/b?node=18242783051&ref=dbs_points_tlp
単行本（ソフトカバー）,https://www.amazon.co.jp/Python1%E5%B9%B4%E7%94%9F-%E7%AC%AC2%E7%89%88-%E4%BD%93%E9%A8%93%E3%81%97%E3%81%A6%E3%82%8F%E3%81%8B%E3%82%8B%EF%BC%81%E4%BC%9A%E8%A9%B1%E3%81%A7%E3%81%BE%E3%81%AA%E3%81%B9%E3%82%8B%EF%BC%81%E3%83%97%E3%83%AD%E3%82%B0%E3%83%A9%E3%83%9F%E3%83%B3%E3%82%B0%E3%81%AE%E3%81%97%E3%81%8F%E3%81%BF-%E6%A3%AE-%E5%B7%A7%E5%B0%9A/dp/4798170380
松浦 健一郎,https://www.amazon.co.jp/%25E6%259D%25BE%25E6%25B5%25A6-%25E5%2581%25A5%25E4%25B8%2580%25E9%2583%258E/e/B004LT1AGE?ref=sr_ntt_srch_lnk_16&sr=8-16
227,https://www.amazon.co.jp/Python%EF%BC%BB%E5%AE%8C%E5%85%A8%EF%BC%BD%E5%85%A5%E9%96%80-%E6%9D%BE%E6%B5%A6-%E5%81%A5%E4%B8%80%E9%83%8E-ebook/dp/B08KT6XZMQ#customerReviews
Kindle版 (電子書籍),https://www.amazon.co.jp/Python%EF%BC%BB%E5%AE%8C%E5%85%A8%EF%BC%BD%E5%85%A5%E9%96%80-%E6%9D%BE%E6%B5%A6-%E5%81%A5%E4%B8%80%E9%83%8E-ebook/dp/B08KT6XZMQ
"￥2,871￥2,871",https://www.amazon.co.jp/Python%EF%BC%BB%E5%AE%8C%E5%85%A8%EF%BC%BD%E5%85%A5%E9%96%80-%E6%9D%BE%E6%B5%A6-%E5%81%A5%E4%B8%80%E9%83%8E-ebook/dp/B08KT6XZMQ
単行本,https://www.amazon.co.jp/Python-%E5%AE%8C%E5%85%A8-%E5%85%A5%E9%96%80-%E6%9D%BE%E6%B5%A6%E5%81%A5%E4%B8%80%E9%83%8E/dp/4815607648
クジラ飛行机,https://www.amazon.co.jp/%25E3%2582%25AF%25E3%2582%25B8%25E3%2583%25A9%25E9%25A3%259B%25E8%25A1%258C%25E6%259C%25BA/e/B004LUJAJC?ref=sr_ntt_srch_lnk_17&sr=8-17
416,https://www.amazon.co.jp/%E3%82%B7%E3%82%B4%E3%83%88%E3%81%8C%E3%81%AF%E3%81%8B%E3%81%A9%E3%82%8B-Python%E8%87%AA%E5%8B%95%E5%87%A6%E7%90%86%E3%81%AE%E6%95%99%E7%A7%91%E6%9B%B8-%E3%82%AF%E3%82%B8%E3%83%A9%E9%A3%9B%E8%A1%8C%E6%9C%BA-ebook/dp/B08R8CCNBS#customerReviews
Kindle版 (電子書籍),https://www.amazon.co.jp/%E3%82%B7%E3%82%B4%E3%83%88%E3%81%8C%E3%81%AF%E3%81%8B%E3%81%A9%E3%82%8B-Python%E8%87%AA%E5%8B%95%E5%87%A6%E7%90%86%E3%81%AE%E6%95%99%E7%A7%91%E6%9B%B8-%E3%82%AF%E3%82%B8%E3%83%A9%E9%A3%9B%E8%A1%8C%E6%9C%BA-ebook/dp/B08R8CCNBS
"￥2,465￥2,465",https://www.amazon.co.jp/%E3%82%B7%E3%82%B4%E3%83%88%E3%81%8C%E3%81%AF%E3%81%8B%E3%81%A9%E3%82%8B-Python%E8%87%AA%E5%8B%95%E5%87%A6%E7%90%86%E3%81%AE%E6%95%99%E7%A7%91%E6%9B%B8-%E3%82%AF%E3%82%B8%E3%83%A9%E9%A3%9B%E8%A1%8C%E6%9C%BA-ebook/dp/B08R8CCNBS
単行本（ソフトカバー）,https://www.amazon.co.jp/%E3%82%B7%E3%82%B4%E3%83%88%E3%81%8C%E3%81%AF%E3%81%8B%E3%81%A9%E3%82%8B-Python%E8%87%AA%E5%8B%95%E5%87%A6%E7%90%86%E3%81%AE%E6%95%99%E7%A7%91%E6%9B%B8-%E3%82%AF%E3%82%B8%E3%83%A9%E9%A3%9B%E8%A1%8C%E6%9C%BA/dp/4839973857
16,https://www.amazon.co.jp/%E3%82%B2%E3%83%BC%E3%83%A0%E3%81%A7%E5%AD%A6%E3%81%B6Python%EF%BC%81-Pyxel%E3%81%A7%E3%81%AF%E3%81%98%E3%82%81%E3%82%8B%E3%83%AC%E3%83%88%E3%83%AD%E3%82%B2%E3%83%BC%E3%83%A0%E3%83%97%E3%83%AD%E3%82%B0%E3%83%A9%E3%83%9F%E3%83%B3%E3%82%B0-%E3%83%AA%E3%83%96%E3%83%AD%E3%83%AF%E3%83%BC%E3%82%AF%E3%82%B9/dp/4297146576#customerReviews
単行本（ソフトカバー）,https://www.amazon.co.jp/%E3%82%B2%E3%83%BC%E3%83%A0%E3%81%A7%E5%AD%A6%E3%81%B6Python%EF%BC%81-Pyxel%E3%81%A7%E3%81%AF%E3%81%98%E3%82%81%E3%82%8B%E3%83%AC%E3%83%88%E3%83%AD%E3%82%B2%E3%83%BC%E3%83%A0%E3%83%97%E3%83%AD%E3%82%B0%E3%83%A9%E3%83%9F%E3%83%B3%E3%82%B0-%E3%83%AA%E3%83%96%E3%83%AD%E3%83%AF%E3%83%BC%E3%82%AF%E3%82%B9/dp/4297146576
"￥3,080￥3,080",https://www.amazon.co.jp/%E3%82%B2%E3%83%BC%E3%83%A0%E3%81%A7%E5%AD%A6%E3%81%B6Python%EF%BC%81-Pyxel%E3%81%A7%E3%81%AF%E3%81%98%E3%82%81%E3%82%8B%E3%83%AC%E3%83%88%E3%83%AD%E3%82%B2%E3%83%BC%E3%83%A0%E3%83%97%E3%83%AD%E3%82%B0%E3%83%A9%E3%83%9F%E3%83%B3%E3%82%B0-%E3%83%AA%E3%83%96%E3%83%AD%E3%83%AF%E3%83%BC%E3%82%AF%E3%82%B9/dp/4297146576
(27点の中古品と新品),https://www.amazon.co.jp/gp/offer-listing/4297146576/ref=sr_1_18_olp?keywords=python+%E6%9C%AC&sr=8-18
Kindle版 (電子書籍),https://www.amazon.co.jp/%E3%82%B2%E3%83%BC%E3%83%A0%E3%81%A7%E5%AD%A6%E3%81%B6Python%EF%BC%81-Pyxel%E3%81%A7%E3%81%AF%E3%81%98%E3%82%81%E3%82%8B%E3%83%AC%E3%83%88%E3%83%AD%E3%82%B2%E3%83%BC%E3%83%A0%E3%83%97%E3%83%AD%E3%82%B0%E3%83%A9%E3%83%9F%E3%83%B3%E3%82%B0-%E3%83%AA%E3%83%96%E3%83%AD%E3%83%AF%E3%83%BC%E3%82%AF%E3%82%B9-ebook/dp/B0CW9QN4GT
株式会社アンク,https://www.amazon.co.jp/%25E6%25A0%25AA%25E5%25BC%258F%25E4%25BC%259A%25E7%25A4%25BE%25E3%2582%25A2%25E3%2583%25B3%25E3%2582%25AF/e/B07C3RRSQ5?ref=sr_ntt_srch_lnk_19&sr=8-19
115,https://www.amazon.co.jp/Python%E3%81%AE%E7%B5%B5%E6%9C%AC-Python%E3%82%92%E6%A5%BD%E3%81%97%E3%81%8F%E5%AD%A6%E3%81%B69%E3%81%A4%E3%81%AE%E6%89%89-%E6%A0%AA%E5%BC%8F%E4%BC%9A%E7%A4%BE%E3%82%A2%E3%83%B3%E3%82%AF/dp/4798155136#customerReviews
単行本（ソフトカバー）,https://www.amazon.co.jp/Python%E3%81%AE%E7%B5%B5%E6%9C%AC-Python%E3%82%92%E6%A5%BD%E3%81%97%E3%81%8F%E5%AD%A6%E3%81%B69%E3%81%A4%E3%81%AE%E6%89%89-%E6%A0%AA%E5%BC%8F%E4%BC%9A%E7%A4%BE%E3%82%A2%E3%83%B3%E3%82%AF/dp/4798155136
"￥1,958￥1,958",https://www.amazon.co.jp/Python%E3%81%AE%E7%B5%B5%E6%9C%AC-Python%E3%82%92%E6%A5%BD%E3%81%97%E3%81%8F%E5%AD%A6%E3%81%B69%E3%81%A4%E3%81%AE%E6%89%89-%E6%A0%AA%E5%BC%8F%E4%BC%9A%E7%A4%BE%E3%82%A2%E3%83%B3%E3%82%AF/dp/4798155136
(44点の中古品と新品),https://www.amazon.co.jp/gp/offer-listing/4798155136/ref=sr_1_19_olp?keywords=python+%E6%9C%AC&sr=8-19
Kindle版 (電子書籍),https://www.amazon.co.jp/Python%E3%81%AE%E7%B5%B5%E6%9C%AC-Python%E3%82%92%E6%A5%BD%E3%81%97%E3%81%8F%E5%AD%A6%E3%81%B69%E3%81%A4%E3%81%AE%E6%89%89-%E6%A0%AA%E5%BC%8F%E4%BC%9A%E7%A4%BE%E3%82%A2%E3%83%B3%E3%82%AF-ebook/dp/B079BY7SN4
はやたす,https://www.amazon.co.jp/%25E3%2581%25AF%25E3%2582%2584%25E3%2581%259F%25E3%2581%2599/e/B09XMKRSZX?ref=sr_ntt_srch_lnk_20&sr=8-20
6,https://www.amazon.co.jp/Python%E3%83%96%E3%83%BC%E3%83%88%E3%82%AD%E3%83%A3%E3%83%B3%E3%83%97%EF%BC%BB%E3%83%87%E3%83%BC%E3%82%BF%E5%88%86%E6%9E%90%E3%82%B3%E3%83%BC%E3%82%B9%EF%BC%BD-%EF%BD%9E%E3%82%B3%E3%83%BC%E3%83%89%E3%82%92%E6%9B%B8%E3%81%8F%E3%83%81%E3%82%AB%E3%83%A9%E3%82%92%E9%8D%9B%E3%81%88%E3%82%8B3%E9%80%B1%E9%96%93%E9%9B%86%E4%B8%AD%E3%83%97%E3%83%AD%E3%82%B0%E3%83%A9%E3%83%A0-%E3%81%AF%E3%82%84%E3%81%9F%E3%81%99-ebook/dp/B0F8G7KMYS#customerReviews
Kindle版 (電子書籍),https://www.amazon.co.jp/Python%E3%83%96%E3%83%BC%E3%83%88%E3%82%AD%E3%83%A3%E3%83%B3%E3%83%97%EF%BC%BB%E3%83%87%E3%83%BC%E3%82%BF%E5%88%86%E6%9E%90%E3%82%B3%E3%83%BC%E3%82%B9%EF%BC%BD-%EF%BD%9E%E3%82%B3%E3%83%BC%E3%83%89%E3%82%92%E6%9B%B8%E3%81%8F%E3%83%81%E3%82%AB%E3%83%A9%E3%82%92%E9%8D%9B%E3%81%88%E3%82%8B3%E9%80%B1%E9%96%93%E9%9B%86%E4%B8%AD%E3%83%97%E3%83%AD%E3%82%B0%E3%83%A9%E3%83%A0-%E3%81%AF%E3%82%84%E3%81%9F%E3%81%99-ebook/dp/B0F8G7KMYS
"￥3,018￥3,018",https://www.amazon.co.jp/Python%E3%83%96%E3%83%BC%E3%83%88%E3%82%AD%E3%83%A3%E3%83%B3%E3%83%97%EF%BC%BB%E3%83%87%E3%83%BC%E3%82%BF%E5%88%86%E6%9E%90%E3%82%B3%E3%83%BC%E3%82%B9%EF%BC%BD-%EF%BD%9E%E3%82%B3%E3%83%BC%E3%83%89%E3%82%92%E6%9B%B8%E3%81%8F%E3%83%81%E3%82%AB%E3%83%A9%E3%82%92%E9%8D%9B%E3%81%88%E3%82%8B3%E9%80%B1%E9%96%93%E9%9B%86%E4%B8%AD%E3%83%97%E3%83%AD%E3%82%B0%E3%83%A9%E3%83%A0-%E3%81%AF%E3%82%84%E3%81%9F%E3%81%99-ebook/dp/B0F8G7KMYS
詳細はこちら,https://www.amazon.co.jp/b?node=18242783051&ref=dbs_points_tlp
単行本（ソフトカバー）,https://www.amazon.co.jp/Python%E3%83%96%E3%83%BC%E3%83%88%E3%82%AD%E3%83%A3%E3%83%B3%E3%83%97%EF%BC%BB%E3%83%87%E3%83%BC%E3%82%BF%E5%88%86%E6%9E%90%E3%82%B3%E3%83%BC%E3%82%B9%EF%BC%BD-%EF%BD%9E%E3%82%B3%E3%83%BC%E3%83%89%E3%82%92%E6%9B%B8%E3%81%8F%E3%83%81%E3%82%AB%E3%83%A9%E3%82%92%E9%8D%9B%E3%81%88%E3%82%8B3%E9%80%B1%E9%96%93%E9%9B%86%E4%B8%AD%E3%83%97%E3%83%AD%E3%82%B0%E3%83%A9%E3%83%A0-%E3%81%AF%E3%82%84%E3%81%9F%E3%81%99/dp/4297149311
リブロワークス,https://www.amazon.co.jp/%25E3%2583%25AA%25E3%2583%2596%25E3%2583%25AD%25E3%2583%25AF%25E3%2583%25BC%25E3%2582%25AF%25E3%2582%25B9/e/B0055MLRNM?ref=sr_ntt_srch_lnk_21&sr=8-21
単行本（ソフトカバー）,https://www.amazon.co.jp/Python%E3%83%AC%E3%83%99%E3%83%AB%E3%82%A2%E3%83%83%E3%83%97%E3%83%89%E3%83%AA%E3%83%AB-%E5%88%9D%E5%BF%83%E8%80%85%E3%81%8B%E3%82%89%E4%B8%80%E6%AD%A9%E9%80%B2%E3%82%80%E3%81%9F%E3%82%81%E3%81%AE%E5%8E%B3%E9%81%B8%E5%95%8F%E9%A1%8C%E9%9B%86-paiza%E6%A0%AA%E5%BC%8F%E4%BC%9A%E7%A4%BE/dp/4798188735
"￥2,530￥2,530",https://www.amazon.co.jp/Python%E3%83%AC%E3%83%99%E3%83%AB%E3%82%A2%E3%83%83%E3%83%97%E3%83%89%E3%83%AA%E3%83%AB-%E5%88%9D%E5%BF%83%E8%80%85%E3%81%8B%E3%82%89%E4%B8%80%E6%AD%A9%E9%80%B2%E3%82%80%E3%81%9F%E3%82%81%E3%81%AE%E5%8E%B3%E9%81%B8%E5%95%8F%E9%A1%8C%E9%9B%86-paiza%E6%A0%AA%E5%BC%8F%E4%BC%9A%E7%A4%BE/dp/4798188735
Kindle版 (電子書籍),https://www.amazon.co.jp/Python%E3%83%AC%E3%83%99%E3%83%AB%E3%82%A2%E3%83%83%E3%83%97%E3%83%89%E3%83%AA%E3%83%AB-%E5%88%9D%E5%BF%83%E8%80%85%E3%81%8B%E3%82%89%E4%B8%80%E6%AD%A9%E9%80%B2%E3%82%80%E3%81%9F%E3%82%81%E3%81%AE%E5%8E%B3%E9%81%B8%E5%95%8F%E9%A1%8C%E9%9B%86-%E3%83%AA%E3%83%96%E3%83%AD%E3%83%AF%E3%83%BC%E3%82%AF%E3%82%B9-ebook/dp/B0FCDTV3K5
下山輝昌,https://www.amazon.co.jp/%25E4%25B8%258B%25E5%25B1%25B1%25E8%25BC%259D%25E6%2598%258C/e/B07H1SBQJ5?ref=sr_ntt_srch_lnk_22&sr=8-22
松田雄馬,https://www.amazon.co.jp/%25E6%259D%25BE%25E7%2594%25B0%25E9%259B%2584%25E9%25A6%25AC/e/B0716B51QB?ref=sr_ntt_srch_lnk_22&sr=8-22
117,https://www.amazon.co.jp/Python%E5%AE%9F%E8%B7%B5%E3%83%87%E3%83%BC%E3%82%BF%E5%88%86%E6%9E%90100%E6%9C%AC%E3%83%8E%E3%83%83%E3%82%AF-%E7%AC%AC2%E7%89%88-%E4%B8%8B%E5%B1%B1%E8%BC%9D%E6%98%8C-ebook/dp/B0B3LQHK1L#customerReviews
Kindle版 (電子書籍),https://www.amazon.co.jp/Python%E5%AE%9F%E8%B7%B5%E3%83%87%E3%83%BC%E3%82%BF%E5%88%86%E6%9E%90100%E6%9C%AC%E3%83%8E%E3%83%83%E3%82%AF-%E7%AC%AC2%E7%89%88-%E4%B8%8B%E5%B1%B1%E8%BC%9D%E6%98%8C-ebook/dp/B0B3LQHK1L
"￥2,138￥2,138",https://www.amazon.co.jp/Python%E5%AE%9F%E8%B7%B5%E3%83%87%E3%83%BC%E3%82%BF%E5%88%86%E6%9E%90100%E6%9C%AC%E3%83%8E%E3%83%83%E3%82%AF-%E7%AC%AC2%E7%89%88-%E4%B8%8B%E5%B1%B1%E8%BC%9D%E6%98%8C-ebook/dp/B0B3LQHK1L
単行本,https://www.amazon.co.jp/Python-%E5%AE%9F%E8%B7%B5%E3%83%87%E3%83%BC%E3%82%BF%E5%88%86%E6%9E%90-100%E6%9C%AC%E3%83%8E%E3%83%83%E3%82%AF-%E7%AC%AC2%E7%89%88-%E4%B8%8B%E5%B1%B1/dp/479806727X
三谷 純,https://www.amazon.co.jp/%25E4%25B8%2589%25E8%25B0%25B7-%25E7%25B4%2594/e/B0DP5TMS47?ref=sr_ntt_srch_lnk_23&sr=8-23
98,https://www.amazon.co.jp/Python-%E3%82%BC%E3%83%AD%E3%81%8B%E3%82%89%E3%81%AF%E3%81%98%E3%82%81%E3%82%8B%E3%83%97%E3%83%AD%E3%82%B0%E3%83%A9%E3%83%9F%E3%83%B3%E3%82%B0-%E3%83%97%E3%83%AD%E3%82%B0%E3%83%A9%E3%83%9F%E3%83%B3%E3%82%B0%E5%AD%A6%E7%BF%92%E3%82%B7%E3%83%AA%E3%83%BC%E3%82%BA-%E4%B8%89%E8%B0%B7-%E7%B4%94/dp/4798169463#customerReviews
単行本（ソフトカバー）,https://www.amazon.co.jp/Python-%E3%82%BC%E3%83%AD%E3%81%8B%E3%82%89%E3%81%AF%E3%81%98%E3%82%81%E3%82%8B%E3%83%97%E3%83%AD%E3%82%B0%E3%83%A9%E3%83%9F%E3%83%B3%E3%82%B0-%E3%83%97%E3%83%AD%E3%82%B0%E3%83%A9%E3%83%9F%E3%83%B3%E3%82%B0%E5%AD%A6%E7%BF%92%E3%82%B7%E3%83%AA%E3%83%BC%E3%82%BA-%E4%B8%89%E8%B0%B7-%E7%B4%94/dp/4798169463
"￥2,068￥2,068",https://www.amazon.co.jp/Python-%E3%82%BC%E3%83%AD%E3%81%8B%E3%82%89%E3%81%AF%E3%81%98%E3%82%81%E3%82%8B%E3%83%97%E3%83%AD%E3%82%B0%E3%83%A9%E3%83%9F%E3%83%B3%E3%82%B0-%E3%83%97%E3%83%AD%E3%82%B0%E3%83%A9%E3%83%9F%E3%83%B3%E3%82%B0%E5%AD%A6%E7%BF%92%E3%82%B7%E3%83%AA%E3%83%BC%E3%82%BA-%E4%B8%89%E8%B0%B7-%E7%B4%94/dp/4798169463
(39点の中古品と新品),https://www.amazon.co.jp/gp/offer-listing/4798169463/ref=sr_1_23_olp?keywords=python+%E6%9C%AC&sr=8-23
Kindle版 (電子書籍),https://www.amazon.co.jp/Python-%E3%82%BC%E3%83%AD%E3%81%8B%E3%82%89%E3%81%AF%E3%81%98%E3%82%81%E3%82%8B%E3%83%97%E3%83%AD%E3%82%B0%E3%83%A9%E3%83%9F%E3%83%B3%E3%82%B0-%E4%B8%89%E8%B0%B7%E7%B4%94-ebook/dp/B0915ZKFPB
単行本,https://www.amazon.co.jp/%E4%BD%9C%E3%82%8A%E3%81%9F%E3%81%84%E3%82%82%E3%81%AE%E3%81%8C%E3%81%AA%E3%81%84%E4%BA%BA%E3%81%AE%E3%81%9F%E3%82%81%E3%81%AEPython%E5%85%A5%E9%96%80-KS%E6%83%85%E5%A0%B1%E7%A7%91%E5%AD%A6%E5%B0%82%E9%96%80%E6%9B%B8-%E3%81%BF%E3%82%84%E3%81%95%E3%81%8B%E3%81%97%E3%82%93%E3%82%84/dp/4065401399
"￥2,200￥2,200",https://www.amazon.co.jp/%E4%BD%9C%E3%82%8A%E3%81%9F%E3%81%84%E3%82%82%E3%81%AE%E3%81%8C%E3%81%AA%E3%81%84%E4%BA%BA%E3%81%AE%E3%81%9F%E3%82%81%E3%81%AEPython%E5%85%A5%E9%96%80-KS%E6%83%85%E5%A0%B1%E7%A7%91%E5%AD%A6%E5%B0%82%E9%96%80%E6%9B%B8-%E3%81%BF%E3%82%84%E3%81%95%E3%81%8B%E3%81%97%E3%82%93%E3%82%84/dp/4065401399
須藤 秋良,https://www.amazon.co.jp/%25E9%25A0%2588%25E8%2597%25A4-%25E7%25A7%258B%25E8%2589%25AF/e/B07T5826FD?ref=sr_ntt_srch_lnk_25&sr=8-25
35,https://www.amazon.co.jp/%E3%82%B9%E3%83%83%E3%82%AD%E3%83%AA%E3%82%8F%E3%81%8B%E3%82%8BPython%E3%81%AB%E3%82%88%E3%82%8B%E6%A9%9F%E6%A2%B0%E5%AD%A6%E7%BF%92%E5%85%A5%E9%96%80-%E7%AC%AC2%E7%89%88-%E3%82%B9%E3%83%83%E3%82%AD%E3%83%AA%E3%82%8F%E3%81%8B%E3%82%8B%E5%85%A5%E9%96%80%E3%82%B7%E3%83%AA%E3%83%BC%E3%82%BA-%E9%A0%88%E8%97%A4-%E7%A7%8B%E8%89%AF/dp/4295020605#customerReviews
単行本（ソフトカバー）,https://www.amazon.co.jp/%E3%82%B9%E3%83%83%E3%82%AD%E3%83%AA%E3%82%8F%E3%81%8B%E3%82%8BPython%E3%81%AB%E3%82%88%E3%82%8B%E6%A9%9F%E6%A2%B0%E5%AD%A6%E7%BF%92%E5%85%A5%E9%96%80-%E7%AC%AC2%E7%89%88-%E3%82%B9%E3%83%83%E3%82%AD%E3%83%AA%E3%82%8F%E3%81%8B%E3%82%8B%E5%85%A5%E9%96%80%E3%82%B7%E3%83%AA%E3%83%BC%E3%82%BA-%E9%A0%88%E8%97%A4-%E7%A7%8B%E8%89%AF/dp/4295020605
"￥3,300￥3,300",https://www.amazon.co.jp/%E3%82%B9%E3%83%83%E3%82%AD%E3%83%AA%E3%82%8F%E3%81%8B%E3%82%8BPython%E3%81%AB%E3%82%88%E3%82%8B%E6%A9%9F%E6%A2%B0%E5%AD%A6%E7%BF%92%E5%85%A5%E9%96%80-%E7%AC%AC2%E7%89%88-%E3%82%B9%E3%83%83%E3%82%AD%E3%83%AA%E3%82%8F%E3%81%8B%E3%82%8B%E5%85%A5%E9%96%80%E3%82%B7%E3%83%AA%E3%83%BC%E3%82%BA-%E9%A0%88%E8%97%A4-%E7%A7%8B%E8%89%AF/dp/4295020605
Kindle版 (電子書籍),https://www.amazon.co.jp/%E3%82%B9%E3%83%83%E3%82%AD%E3%83%AA%E3%82%8F%E3%81%8B%E3%82%8BPython%E3%81%AB%E3%82%88%E3%82%8B%E6%A9%9F%E6%A2%B0%E5%AD%A6%E7%BF%92%E5%85%A5%E9%96%80-%E7%AC%AC2%E7%89%88-%E3%82%B9%E3%83%83%E3%82%AD%E3%83%AA%E3%82%8F%E3%81%8B%E3%82%8B%E3%82%B7%E3%83%AA%E3%83%BC%E3%82%BA-%E9%A0%88%E8%97%A4%E7%A7%8B%E8%89%AF-ebook/dp/B0DL9RM85M
クジラ飛行机,https://www.amazon.co.jp/%25E3%2582%25AF%25E3%2582%25B8%25E3%2583%25A9%25E9%25A3%259B%25E8%25A1%258C%25E6%259C%25BA/e/B004LUJAJC?ref=sr_ntt_srch_lnk_26&sr=8-26
8,https://www.amazon.co.jp/%E5%AE%9F%E8%B7%B5%E5%8A%9B%E3%82%92%E3%82%A2%E3%83%83%E3%83%97%E3%81%99%E3%82%8B-Python%E3%81%AB%E3%82%88%E3%82%8B%E3%82%A2%E3%83%AB%E3%82%B4%E3%83%AA%E3%82%BA%E3%83%A0%E3%81%AE%E6%95%99%E7%A7%91%E6%9B%B8-Compass-Books%E3%82%B7%E3%83%AA%E3%83%BC%E3%82%BA-%E3%82%AF%E3%82%B8%E3%83%A9%E9%A3%9B%E8%A1%8C%E6%9C%BA-ebook/dp/B0C69L8G1B#customerReviews
Kindle版 (電子書籍),https://www.amazon.co.jp/%E5%AE%9F%E8%B7%B5%E5%8A%9B%E3%82%92%E3%82%A2%E3%83%83%E3%83%97%E3%81%99%E3%82%8B-Python%E3%81%AB%E3%82%88%E3%82%8B%E3%82%A2%E3%83%AB%E3%82%B4%E3%83%AA%E3%82%BA%E3%83%A0%E3%81%AE%E6%95%99%E7%A7%91%E6%9B%B8-Compass-Books%E3%82%B7%E3%83%AA%E3%83%BC%E3%82%BA-%E3%82%AF%E3%82%B8%E3%83%A9%E9%A3%9B%E8%A1%8C%E6%9C%BA-ebook/dp/B0C69L8G1B
"￥3,212￥3,212",https://www.amazon.co.jp/%E5%AE%9F%E8%B7%B5%E5%8A%9B%E3%82%92%E3%82%A2%E3%83%83%E3%83%97%E3%81%99%E3%82%8B-Python%E3%81%AB%E3%82%88%E3%82%8B%E3%82%A2%E3%83%AB%E3%82%B4%E3%83%AA%E3%82%BA%E3%83%A0%E3%81%AE%E6%95%99%E7%A7%91%E6%9B%B8-Compass-Books%E3%82%B7%E3%83%AA%E3%83%BC%E3%82%BA-%E3%82%AF%E3%82%B8%E3%83%A9%E9%A3%9B%E8%A1%8C%E6%9C%BA-ebook/dp/B0C69L8G1B
詳細はこちら,https://www.amazon.co.jp/b?node=18242783051&ref=dbs_points_tlp
単行本（ソフトカバー）,https://www.amazon.co.jp/%E5%AE%9F%E8%B7%B5%E5%8A%9B%E3%82%92%E3%82%A2%E3%83%83%E3%83%97%E3%81%99%E3%82%8B-Python%E3%81%AB%E3%82%88%E3%82%8B%E3%82%A2%E3%83%AB%E3%82%B4%E3%83%AA%E3%82%BA%E3%83%A0%E3%81%AE%E6%95%99%E7%A7%91%E6%9B%B8-Compass-Books%E3%82%B7%E3%83%AA%E3%83%BC%E3%82%BA-%E3%82%AF%E3%82%B8%E3%83%A9%E9%A3%9B%E8%A1%8C%E6%9C%BA/dp/4839981914
60,https://www.amazon.co.jp/Python%E3%81%A7%E3%81%A7%E3%81%8D%E3%82%8B%EF%BC%81-%E6%A0%AA%E4%BE%A1%E3%83%87%E3%83%BC%E3%82%BF%E5%88%86%E6%9E%90-%E7%89%87%E6%B8%95%E5%BD%BC%E5%AF%8C/dp/462785711X#customerReviews
単行本（ソフトカバー）,https://www.amazon.co.jp/Python%E3%81%A7%E3%81%A7%E3%81%8D%E3%82%8B%EF%BC%81-%E6%A0%AA%E4%BE%A1%E3%83%87%E3%83%BC%E3%82%BF%E5%88%86%E6%9E%90-%E7%89%87%E6%B8%95%E5%BD%BC%E5%AF%8C/dp/462785711X
"￥2,970￥2,970",https://www.amazon.co.jp/Python%E3%81%A7%E3%81%A7%E3%81%8D%E3%82%8B%EF%BC%81-%E6%A0%AA%E4%BE%A1%E3%83%87%E3%83%BC%E3%82%BF%E5%88%86%E6%9E%90-%E7%89%87%E6%B8%95%E5%BD%BC%E5%AF%8C/dp/462785711X
(30点の中古品と新品),https://www.amazon.co.jp/gp/offer-listing/462785711X/ref=sr_1_27_olp?keywords=python+%E6%9C%AC&sr=8-27
クジラ飛行机,https://www.amazon.co.jp/%25E3%2582%25AF%25E3%2582%25B8%25E3%2583%25A9%25E9%25A3%259B%25E8%25A1%258C%25E6%259C%25BA/e/B004LUJAJC?ref=sr_ntt_srch_lnk_28&sr=8-28
29,https://www.amazon.co.jp/Python%E3%81%A7%E3%81%A4%E3%81%8F%E3%82%8B%E3%83%87%E3%82%B9%E3%82%AF%E3%83%88%E3%83%83%E3%83%97%E3%82%A2%E3%83%97%E3%83%AA-%E3%82%AF%E3%82%B8%E3%83%A9%E9%A3%9B%E8%A1%8C%E6%9C%BA/dp/480261473X#customerReviews
単行本,https://www.amazon.co.jp/Python%E3%81%A7%E3%81%A4%E3%81%8F%E3%82%8B%E3%83%87%E3%82%B9%E3%82%AF%E3%83%88%E3%83%83%E3%83%97%E3%82%A2%E3%83%97%E3%83%AA-%E3%82%AF%E3%82%B8%E3%83%A9%E9%A3%9B%E8%A1%8C%E6%9C%BA/dp/480261473X
"￥3,300￥3,300",https://www.amazon.co.jp/Python%E3%81%A7%E3%81%A4%E3%81%8F%E3%82%8B%E3%83%87%E3%82%B9%E3%82%AF%E3%83%88%E3%83%83%E3%83%97%E3%82%A2%E3%83%97%E3%83%AA-%E3%82%AF%E3%82%B8%E3%83%A9%E9%A3%9B%E8%A1%8C%E6%9C%BA/dp/480261473X
金宏 和實,https://www.amazon.co.jp/%25E9%2587%2591%25E5%25AE%258F-%25E5%2592%258C%25E5%25AF%25A6/e/B004LRQW6E?ref=sr_ntt_srch_lnk_29&sr=8-29
単行本,https://www.amazon.co.jp/Copilot%C3%97Excel%C3%97Python%E6%9C%80%E9%80%9F%E4%BB%95%E4%BA%8B%E8%A1%93-%E9%87%91%E5%AE%8F-%E5%92%8C%E5%AF%A6/dp/4296071157
"￥2,640￥2,640",https://www.amazon.co.jp/Copilot%C3%97Excel%C3%97Python%E6%9C%80%E9%80%9F%E4%BB%95%E4%BA%8B%E8%A1%93-%E9%87%91%E5%AE%8F-%E5%92%8C%E5%AF%A6/dp/4296071157
クジラ飛行机,https://www.amazon.co.jp/%25E3%2582%25AF%25E3%2582%25B8%25E3%2583%25A9%25E9%25A3%259B%25E8%25A1%258C%25E6%259C%25BA/e/B004LUJAJC?ref=sr_ntt_srch_lnk_30&sr=8-30
37,https://www.amazon.co.jp/%E5%AE%9F%E8%B7%B5%E5%8A%9B%E3%82%92%E8%BA%AB%E3%81%AB%E3%81%A4%E3%81%91%E3%82%8B-Python%E3%81%AE%E6%95%99%E7%A7%91%E6%9B%B8-%E7%AC%AC2%E7%89%88-%E3%82%AF%E3%82%B8%E3%83%A9%E9%A3%9B%E8%A1%8C%E6%9C%BA-ebook/dp/B0DCN4S416#customerReviews
Kindle版 (電子書籍),https://www.amazon.co.jp/%E5%AE%9F%E8%B7%B5%E5%8A%9B%E3%82%92%E8%BA%AB%E3%81%AB%E3%81%A4%E3%81%91%E3%82%8B-Python%E3%81%AE%E6%95%99%E7%A7%91%E6%9B%B8-%E7%AC%AC2%E7%89%88-%E3%82%AF%E3%82%B8%E3%83%A9%E9%A3%9B%E8%A1%8C%E6%9C%BA-ebook/dp/B0DCN4S416
"￥2,900￥2,900",https://www.amazon.co.jp/%E5%AE%9F%E8%B7%B5%E5%8A%9B%E3%82%92%E8%BA%AB%E3%81%AB%E3%81%A4%E3%81%91%E3%82%8B-Python%E3%81%AE%E6%95%99%E7%A7%91%E6%9B%B8-%E7%AC%AC2%E7%89%88-%E3%82%AF%E3%82%B8%E3%83%A9%E9%A3%9B%E8%A1%8C%E6%9C%BA-ebook/dp/B0DCN4S416
詳細はこちら,https://www.amazon.co.jp/b?node=18242783051&ref=dbs_points_tlp
単行本（ソフトカバー）,https://www.amazon.co.jp/%E5%AE%9F%E8%B7%B5%E5%8A%9B%E3%82%92%E8%BA%AB%E3%81%AB%E3%81%A4%E3%81%91%E3%82%8B-Python%E3%81%AE%E6%95%99%E7%A7%91%E6%9B%B8-%E7%AC%AC2%E7%89%88-%E3%82%AF%E3%82%B8%E3%83%A9%E9%A3%9B%E8%A1%8C%E6%9C%BA/dp/4839983941
Kindle版 (電子書籍),https://www.amazon.co.jp/Python%C3%97Pyxel%E3%81%A7%E6%A5%BD%E3%81%97%E3%81%8F%E5%AD%A6%E3%81%B6-%E3%82%B2%E3%83%BC%E3%83%A0%E3%83%97%E3%83%AD%E3%82%B0%E3%83%A9%E3%83%9F%E3%83%B3%E3%82%B0-%E5%BB%A3%E7%80%AC-%E8%B1%AA-ebook/dp/B0DTY7GWCJ
"￥3,278￥3,278",https://www.amazon.co.jp/Python%C3%97Pyxel%E3%81%A7%E6%A5%BD%E3%81%97%E3%81%8F%E5%AD%A6%E3%81%B6-%E3%82%B2%E3%83%BC%E3%83%A0%E3%83%97%E3%83%AD%E3%82%B0%E3%83%A9%E3%83%9F%E3%83%B3%E3%82%B0-%E5%BB%A3%E7%80%AC-%E8%B1%AA-ebook/dp/B0DTY7GWCJ
単行本（ソフトカバー）,https://www.amazon.co.jp/Python%C3%97Pyxel%E3%81%A7%E6%A5%BD%E3%81%97%E3%81%8F%E5%AD%A6%E3%81%B6-%E3%82%B2%E3%83%BC%E3%83%A0%E3%83%97%E3%83%AD%E3%82%B0%E3%83%A9%E3%83%9F%E3%83%B3%E3%82%B0-%E5%BB%A3%E7%80%AC%E8%B1%AA/dp/480071348X
萩原良信,https://www.amazon.co.jp/%25E8%2590%25A9%25E5%258E%259F%25E8%2589%25AF%25E4%25BF%25A1/e/B0B61QD5SG?ref=sr_ntt_srch_lnk_32&sr=8-32
7,https://www.amazon.co.jp/%EF%BC%B2%EF%BC%AF%EF%BC%B3%EF%BC%92%E3%81%A8%EF%BC%B0%EF%BD%99%EF%BD%94%EF%BD%88%EF%BD%8F%EF%BD%8E%E3%81%A7%E4%BD%9C%E3%81%A3%E3%81%A6%E5%AD%A6%E3%81%B6%EF%BC%A1%EF%BC%A9%E3%83%AD%E3%83%9C%E3%83%83%E3%83%88%E5%85%A5%E9%96%80-%E6%94%B9%E8%A8%82%E7%AC%AC%EF%BC%92%E7%89%88-%EF%BC%AB%EF%BC%B3%E7%90%86%E5%B7%A5%E5%AD%A6%E5%B0%82%E9%96%80%E6%9B%B8-%E5%87%BA%E6%9D%91%E5%85%AC%E6%88%90-ebook/dp/B0F23WCZFL#customerReviews
Kindle版 (電子書籍),https://www.amazon.co.jp/%EF%BC%B2%EF%BC%AF%EF%BC%B3%EF%BC%92%E3%81%A8%EF%BC%B0%EF%BD%99%EF%BD%94%EF%BD%88%EF%BD%8F%EF%BD%8E%E3%81%A7%E4%BD%9C%E3%81%A3%E3%81%A6%E5%AD%A6%E3%81%B6%EF%BC%A1%EF%BC%A9%E3%83%AD%E3%83%9C%E3%83%83%E3%83%88%E5%85%A5%E9%96%80-%E6%94%B9%E8%A8%82%E7%AC%AC%EF%BC%92%E7%89%88-%EF%BC%AB%EF%BC%B3%E7%90%86%E5%B7%A5%E5%AD%A6%E5%B0%82%E9%96%80%E6%9B%B8-%E5%87%BA%E6%9D%91%E5%85%AC%E6%88%90-ebook/dp/B0F23WCZFL
"￥3,850￥3,850",https://www.amazon.co.jp/%EF%BC%B2%EF%BC%AF%EF%BC%B3%EF%BC%92%E3%81%A8%EF%BC%B0%EF%BD%99%EF%BD%94%EF%BD%88%EF%BD%8F%EF%BD%8E%E3%81%A7%E4%BD%9C%E3%81%A3%E3%81%A6%E5%AD%A6%E3%81%B6%EF%BC%A1%EF%BC%A9%E3%83%AD%E3%83%9C%E3%83%83%E3%83%88%E5%85%A5%E9%96%80-%E6%94%B9%E8%A8%82%E7%AC%AC%EF%BC%92%E7%89%88-%EF%BC%AB%EF%BC%B3%E7%90%86%E5%B7%A5%E5%AD%A6%E5%B0%82%E9%96%80%E6%9B%B8-%E5%87%BA%E6%9D%91%E5%85%AC%E6%88%90-ebook/dp/B0F23WCZFL
詳細はこちら,https://www.amazon.co.jp/b?node=18242783051&ref=dbs_points_tlp
単行本,https://www.amazon.co.jp/ROS2%E3%81%A8Python%E3%81%A7%E4%BD%9C%E3%81%A3%E3%81%A6%E5%AD%A6%E3%81%B6AI%E3%83%AD%E3%83%9C%E3%83%83%E3%83%88%E5%85%A5%E9%96%80-%E6%94%B9%E8%A8%82%E7%AC%AC2%E7%89%88-KS%E7%90%86%E5%B7%A5%E5%AD%A6%E5%B0%82%E9%96%80%E6%9B%B8-%E5%87%BA%E6%9D%91-%E5%85%AC%E6%88%90/dp/4065386160
山口 歩夢,https://www.amazon.co.jp/%25E5%25B1%25B1%25E5%258F%25A3-%25E6%25AD%25A9%25E5%25A4%25A2/e/B0F83XH18N?ref=sr_ntt_srch_lnk_33&sr=8-33
6,https://www.amazon.co.jp/Streamlit%E5%85%A5%E9%96%80-Python%E3%81%A7%E5%AD%A6%E3%81%B6%E3%83%87%E3%83%BC%E3%82%BF%E5%8F%AF%E8%A6%96%E5%8C%96%EF%BC%86%E3%82%A2%E3%83%97%E3%83%AA%E9%96%8B%E7%99%BA%E3%82%AC%E3%82%A4%E3%83%89-%E6%8A%80%E8%A1%93%E3%81%AE%E6%B3%89%E3%82%B7%E3%83%AA%E3%83%BC%E3%82%BA-%E5%B1%B1%E5%8F%A3-%E6%AD%A9%E5%A4%A2-ebook/dp/B0DP6SSQ67#customerReviews
Kindle版 (電子書籍),https://www.amazon.co.jp/Streamlit%E5%85%A5%E9%96%80-Python%E3%81%A7%E5%AD%A6%E3%81%B6%E3%83%87%E3%83%BC%E3%82%BF%E5%8F%AF%E8%A6%96%E5%8C%96%EF%BC%86%E3%82%A2%E3%83%97%E3%83%AA%E9%96%8B%E7%99%BA%E3%82%AC%E3%82%A4%E3%83%89-%E6%8A%80%E8%A1%93%E3%81%AE%E6%B3%89%E3%82%B7%E3%83%AA%E3%83%BC%E3%82%BA-%E5%B1%B1%E5%8F%A3-%E6%AD%A9%E5%A4%A2-ebook/dp/B0DP6SSQ67
"￥3,960￥3,960",https://www.amazon.co.jp/Streamlit%E5%85%A5%E9%96%80-Python%E3%81%A7%E5%AD%A6%E3%81%B6%E3%83%87%E3%83%BC%E3%82%BF%E5%8F%AF%E8%A6%96%E5%8C%96%EF%BC%86%E3%82%A2%E3%83%97%E3%83%AA%E9%96%8B%E7%99%BA%E3%82%AC%E3%82%A4%E3%83%89-%E6%8A%80%E8%A1%93%E3%81%AE%E6%B3%89%E3%82%B7%E3%83%AA%E3%83%BC%E3%82%BA-%E5%B1%B1%E5%8F%A3-%E6%AD%A9%E5%A4%A2-ebook/dp/B0DP6SSQ67
詳細はこちら,https://www.amazon.co.jp/b?node=18242783051&ref=dbs_points_tlp
オンデマンド (ペーパーバック),https://www.amazon.co.jp/Streamlit%E5%85%A5%E9%96%80-Python%E3%81%A7%E5%AD%A6%E3%81%B6%E3%83%87%E3%83%BC%E3%82%BF%E5%8F%AF%E8%A6%96%E5%8C%96%EF%BC%86%E3%82%A2%E3%83%97%E3%83%AA%E9%96%8B%E7%99%BA%E3%82%AC%E3%82%A4%E3%83%89-%E6%8A%80%E8%A1%93%E3%81%AE%E6%B3%89%E3%82%B7%E3%83%AA%E3%83%BC%E3%82%BA-%E5%B1%B1%E5%8F%A3-%E6%AD%A9%E5%A4%A2/dp/4295603511
伊藤 潔人,https://www.amazon.co.jp/%25E4%25BC%258A%25E8%2597%25A4-%25E6%25BD%2594%25E4%25BA%25BA/e/B0796LQ3KW?ref=sr_ntt_srch_lnk_34&sr=8-34
13,https://www.amazon.co.jp/Excel-VBA%E3%83%A6%E3%83%BC%E3%82%B6%E3%83%BC%E3%81%AE%E3%81%9F%E3%82%81%E3%81%AEPython%E3%83%97%E3%83%AD%E3%82%B0%E3%83%A9%E3%83%9F%E3%83%B3%E3%82%B0%E5%85%A5%E9%96%80-%E4%BC%8A%E8%97%A4-%E6%BD%94%E4%BA%BA/dp/4296202650#customerReviews
単行本（ソフトカバー）,https://www.amazon.co.jp/Excel-VBA%E3%83%A6%E3%83%BC%E3%82%B6%E3%83%BC%E3%81%AE%E3%81%9F%E3%82%81%E3%81%AEPython%E3%83%97%E3%83%AD%E3%82%B0%E3%83%A9%E3%83%9F%E3%83%B3%E3%82%B0%E5%85%A5%E9%96%80-%E4%BC%8A%E8%97%A4-%E6%BD%94%E4%BA%BA/dp/4296202650
"￥2,420￥2,420",https://www.amazon.co.jp/Excel-VBA%E3%83%A6%E3%83%BC%E3%82%B6%E3%83%BC%E3%81%AE%E3%81%9F%E3%82%81%E3%81%AEPython%E3%83%97%E3%83%AD%E3%82%B0%E3%83%A9%E3%83%9F%E3%83%B3%E3%82%B0%E5%85%A5%E9%96%80-%E4%BC%8A%E8%97%A4-%E6%BD%94%E4%BA%BA/dp/4296202650
(22点の中古品と新品),https://www.amazon.co.jp/gp/offer-listing/4296202650/ref=sr_1_34_olp?keywords=python+%E6%9C%AC&sr=8-34
Kindle版 (電子書籍),https://www.amazon.co.jp/Excel-VBA%E3%83%A6%E3%83%BC%E3%82%B6%E3%83%BC%E3%81%AE%E3%81%9F%E3%82%81%E3%81%AEPython%E3%83%97%E3%83%AD%E3%82%B0%E3%83%A9%E3%83%9F%E3%83%B3%E3%82%B0%E5%85%A5%E9%96%80-%E4%BC%8A%E8%97%A4-%E6%BD%94%E4%BA%BA-ebook/dp/B0CJC29X7P
30,https://www.amazon.co.jp/%E3%83%86%E3%82%B9%E3%83%88%E9%A7%86%E5%8B%95Python-%E7%AC%AC2%E7%89%88-Brian-Okken-ebook/dp/B0B77CW8MF#customerReviews
Kindle版 (電子書籍),https://www.amazon.co.jp/%E3%83%86%E3%82%B9%E3%83%88%E9%A7%86%E5%8B%95Python-%E7%AC%AC2%E7%89%88-Brian-Okken-ebook/dp/B0B77CW8MF
"￥3,234￥3,234",https://www.amazon.co.jp/%E3%83%86%E3%82%B9%E3%83%88%E9%A7%86%E5%8B%95Python-%E7%AC%AC2%E7%89%88-Brian-Okken-ebook/dp/B0B77CW8MF
詳細はこちら,https://www.amazon.co.jp/b?node=18242783051&ref=dbs_points_tlp
単行本（ソフトカバー）,https://www.amazon.co.jp/%E3%83%86%E3%82%B9%E3%83%88%E9%A7%86%E5%8B%95Python-%E7%AC%AC2%E7%89%88-Brian-Okken/dp/4798177458
熊澤 秀道,https://www.amazon.co.jp/%25E7%2586%258A%25E6%25BE%25A4-%25E7%25A7%2580%25E9%2581%2593/e/B0CKPB4DBM?ref=sr_ntt_srch_lnk_36&sr=8-36
66,https://www.amazon.co.jp/ChatGPT%E3%81%A8%E5%AD%A6%E3%81%B6Python%E5%85%A5%E9%96%80-%E3%80%8CPython%C3%97AI%E3%80%8D%E3%81%A7%E8%AA%B0%E3%81%A7%E3%82%82%E6%9C%80%E9%80%9F%E3%81%A7%E3%83%97%E3%83%AD%E3%82%B0%E3%83%A9%E3%83%9F%E3%83%B3%E3%82%B0%E3%82%92%E7%BF%92%E5%BE%97%E3%81%A7%E3%81%8D%E3%82%8B%EF%BC%81-%E7%86%8A%E6%BE%A4-%E7%A7%80%E9%81%93-ebook/dp/B0CJTJ77B3#customerReviews
Kindle版 (電子書籍),https://www.amazon.co.jp/ChatGPT%E3%81%A8%E5%AD%A6%E3%81%B6Python%E5%85%A5%E9%96%80-%E3%80%8CPython%C3%97AI%E3%80%8D%E3%81%A7%E8%AA%B0%E3%81%A7%E3%82%82%E6%9C%80%E9%80%9F%E3%81%A7%E3%83%97%E3%83%AD%E3%82%B0%E3%83%A9%E3%83%9F%E3%83%B3%E3%82%B0%E3%82%92%E7%BF%92%E5%BE%97%E3%81%A7%E3%81%8D%E3%82%8B%EF%BC%81-%E7%86%8A%E6%BE%A4-%E7%A7%80%E9%81%93-ebook/dp/B0CJTJ77B3
"￥1,960￥1,960",https://www.amazon.co.jp/ChatGPT%E3%81%A8%E5%AD%A6%E3%81%B6Python%E5%85%A5%E9%96%80-%E3%80%8CPython%C3%97AI%E3%80%8D%E3%81%A7%E8%AA%B0%E3%81%A7%E3%82%82%E6%9C%80%E9%80%9F%E3%81%A7%E3%83%97%E3%83%AD%E3%82%B0%E3%83%A9%E3%83%9F%E3%83%B3%E3%82%B0%E3%82%92%E7%BF%92%E5%BE%97%E3%81%A7%E3%81%8D%E3%82%8B%EF%BC%81-%E7%86%8A%E6%BE%A4-%E7%A7%80%E9%81%93-ebook/dp/B0CJTJ77B3
単行本（ソフトカバー）,https://www.amazon.co.jp/ChatGPT%E3%81%A8%E5%AD%A6%E3%81%B6Python%E5%85%A5%E9%96%80-%E3%80%8CPython%C3%97AI%E3%80%8D%E3%81%A7%E8%AA%B0%E3%81%A7%E3%82%82%E6%9C%80%E9%80%9F%E3%81%A7%E3%83%97%E3%83%AD%E3%82%B0%E3%83%A9%E3%83%9F%E3%83%B3%E3%82%B0%E3%82%92%E7%BF%92%E5%BE%97%E3%81%A7%E3%81%8D%E3%82%8B%EF%BC%81-%E7%86%8A%E6%BE%A4-%E7%A7%80%E9%81%93/dp/4798182230
金崎朝子,https://www.amazon.co.jp/%25E9%2587%2591%25E5%25B4%258E%25E6%259C%259D%25E5%25AD%2590/e/B0D83VJ6SW?ref=sr_ntt_srch_lnk_37&sr=8-37
60,https://www.amazon.co.jp/%E8%A9%B3%E8%A7%A3-%EF%BC%93%E6%AC%A1%E5%85%83%E7%82%B9%E7%BE%A4%E5%87%A6%E7%90%86-%EF%BC%B0%EF%BD%99%EF%BD%94%EF%BD%88%EF%BD%8F%EF%BD%8E%E3%81%AB%E3%82%88%E3%82%8B%E5%9F%BA%E7%A4%8E%E3%82%A2%E3%83%AB%E3%82%B4%E3%83%AA%E3%82%BA%E3%83%A0%E3%81%AE%E5%AE%9F%E8%A3%85-%EF%BC%AB%EF%BC%B3%E7%90%86%E5%B7%A5%E5%AD%A6%E5%B0%82%E9%96%80%E6%9B%B8-%E9%87%91%E5%B4%8E%E6%9C%9D%E5%AD%90-ebook/dp/B0BS67RM1F#customerReviews
Kindle版 (電子書籍),https://www.amazon.co.jp/%E8%A9%B3%E8%A7%A3-%EF%BC%93%E6%AC%A1%E5%85%83%E7%82%B9%E7%BE%A4%E5%87%A6%E7%90%86-%EF%BC%B0%EF%BD%99%EF%BD%94%EF%BD%88%EF%BD%8F%EF%BD%8E%E3%81%AB%E3%82%88%E3%82%8B%E5%9F%BA%E7%A4%8E%E3%82%A2%E3%83%AB%E3%82%B4%E3%83%AA%E3%82%BA%E3%83%A0%E3%81%AE%E5%AE%9F%E8%A3%85-%EF%BC%AB%EF%BC%B3%E7%90%86%E5%B7%A5%E5%AD%A6%E5%B0%82%E9%96%80%E6%9B%B8-%E9%87%91%E5%B4%8E%E6%9C%9D%E5%AD%90-ebook/dp/B0BS67RM1F
"￥3,080￥3,080",https://www.amazon.co.jp/%E8%A9%B3%E8%A7%A3-%EF%BC%93%E6%AC%A1%E5%85%83%E7%82%B9%E7%BE%A4%E5%87%A6%E7%90%86-%EF%BC%B0%EF%BD%99%EF%BD%94%EF%BD%88%EF%BD%8F%EF%BD%8E%E3%81%AB%E3%82%88%E3%82%8B%E5%9F%BA%E7%A4%8E%E3%82%A2%E3%83%AB%E3%82%B4%E3%83%AA%E3%82%BA%E3%83%A0%E3%81%AE%E5%AE%9F%E8%A3%85-%EF%BC%AB%EF%BC%B3%E7%90%86%E5%B7%A5%E5%AD%A6%E5%B0%82%E9%96%80%E6%9B%B8-%E9%87%91%E5%B4%8E%E6%9C%9D%E5%AD%90-ebook/dp/B0BS67RM1F
詳細はこちら,https://www.amazon.co.jp/b?node=18242783051&ref=dbs_points_tlp
単行本,https://www.amazon.co.jp/%E8%A9%B3%E8%A7%A3-3%E6%AC%A1%E5%85%83%E7%82%B9%E7%BE%A4%E5%87%A6%E7%90%86-Python%E3%81%AB%E3%82%88%E3%82%8B%E5%9F%BA%E7%A4%8E%E3%82%A2%E3%83%AB%E3%82%B4%E3%83%AA%E3%82%BA%E3%83%A0%E3%81%AE%E5%AE%9F%E8%A3%85-KS%E7%90%86%E5%B7%A5%E5%AD%A6%E5%B0%82%E9%96%80%E6%9B%B8-%E9%87%91%E5%B4%8E/dp/406529343X
Kindle版 (電子書籍),https://www.amazon.co.jp/Python%E3%81%AB%E3%82%88%E3%82%8B%E5%8C%BB%E7%94%A8%E7%94%BB%E5%83%8F%E5%87%A6%E7%90%86%E5%85%A5%E9%96%80-%E6%94%B9%E8%A8%822%E7%89%88-%E4%B8%8A%E6%9D%89%E6%AD%A3%E4%BA%BA-ebook/dp/B0FGXQ3DYX
"￥3,881￥3,881",https://www.amazon.co.jp/Python%E3%81%AB%E3%82%88%E3%82%8B%E5%8C%BB%E7%94%A8%E7%94%BB%E5%83%8F%E5%87%A6%E7%90%86%E5%85%A5%E9%96%80-%E6%94%B9%E8%A8%822%E7%89%88-%E4%B8%8A%E6%9D%89%E6%AD%A3%E4%BA%BA-ebook/dp/B0FGXQ3DYX
詳細はこちら,https://www.amazon.co.jp/b?node=18242783051&ref=dbs_points_tlp
単行本,https://www.amazon.co.jp/Python%E3%81%AB%E3%82%88%E3%82%8B%E5%8C%BB%E7%94%A8%E7%94%BB%E5%83%8F%E5%87%A6%E7%90%86%E5%85%A5%E9%96%80-%E6%94%B9%E8%A8%822%E7%89%88-%E8%97%A4%E7%94%B0-%E5%BA%83%E5%BF%97/dp/427423374X
金城俊哉,https://www.amazon.co.jp/%25E9%2587%2591%25E5%259F%258E%25E4%25BF%258A%25E5%2593%2589/e/B004LTCJ0U?ref=sr_ntt_srch_lnk_39&sr=8-39
25,https://www.amazon.co.jp/%E7%8F%BE%E5%A0%B4%E3%81%A7%E3%81%99%E3%81%90%E3%81%AB%E4%BD%BF%E3%81%88%E3%82%8B%EF%BC%81-%E6%9C%80%E6%96%B0Python%E3%83%97%E3%83%AD%E3%82%B0%E3%83%A9%E3%83%9F%E3%83%B3%E3%82%B0%E9%80%86%E5%BC%95%E3%81%8D%E5%A4%A7%E5%85%A8450%E3%81%AE%E6%A5%B5%E6%84%8F-%E9%87%91%E5%9F%8E%E4%BF%8A%E5%93%89-ebook/dp/B0CPLHYND9#customerReviews
Kindle版 (電子書籍),https://www.amazon.co.jp/%E7%8F%BE%E5%A0%B4%E3%81%A7%E3%81%99%E3%81%90%E3%81%AB%E4%BD%BF%E3%81%88%E3%82%8B%EF%BC%81-%E6%9C%80%E6%96%B0Python%E3%83%97%E3%83%AD%E3%82%B0%E3%83%A9%E3%83%9F%E3%83%B3%E3%82%B0%E9%80%86%E5%BC%95%E3%81%8D%E5%A4%A7%E5%85%A8450%E3%81%AE%E6%A5%B5%E6%84%8F-%E9%87%91%E5%9F%8E%E4%BF%8A%E5%93%89-ebook/dp/B0CPLHYND9
"￥2,673￥2,673",https://www.amazon.co.jp/%E7%8F%BE%E5%A0%B4%E3%81%A7%E3%81%99%E3%81%90%E3%81%AB%E4%BD%BF%E3%81%88%E3%82%8B%EF%BC%81-%E6%9C%80%E6%96%B0Python%E3%83%97%E3%83%AD%E3%82%B0%E3%83%A9%E3%83%9F%E3%83%B3%E3%82%B0%E9%80%86%E5%BC%95%E3%81%8D%E5%A4%A7%E5%85%A8450%E3%81%AE%E6%A5%B5%E6%84%8F-%E9%87%91%E5%9F%8E%E4%BF%8A%E5%93%89-ebook/dp/B0CPLHYND9
単行本（ソフトカバー）,https://www.amazon.co.jp/%E7%8F%BE%E5%A0%B4%E3%81%A7%E3%81%99%E3%81%90%E3%81%AB%E4%BD%BF%E3%81%88%E3%82%8B%EF%BC%81-%E6%9C%80%E6%96%B0Python%E3%83%97%E3%83%AD%E3%82%B0%E3%83%A9%E3%83%9F%E3%83%B3%E3%82%B0%E9%80%86%E5%BC%95%E3%81%8D%E5%A4%A7%E5%85%A8450%E3%81%AE%E6%A5%B5%E6%84%8F-%E9%87%91%E5%9F%8E%E4%BF%8A%E5%93%89/dp/4798071552
我妻 幸長,https://www.amazon.co.jp/%25E6%2588%2591%25E5%25A6%25BB-%25E5%25B9%25B8%25E9%2595%25B7/e/B07G928M1V?ref=sr_ntt_srch_lnk_40&sr=8-40
2,https://www.amazon.co.jp/Python%E3%81%A7%E5%8B%95%E3%81%8B%E3%81%97%E3%81%A6%E5%AD%A6%E3%81%B6%EF%BC%81%E3%81%82%E3%81%9F%E3%82%89%E3%81%97%E3%81%84%E6%95%B0%E5%AD%A6%E3%81%AE%E6%95%99%E7%A7%91%E6%9B%B8-%E7%AC%AC2%E7%89%88%E3%80%90%E3%83%AA%E3%83%95%E3%83%AD%E3%83%BC%E5%9E%8B%E3%80%91-%E6%A9%9F%E6%A2%B0%E5%AD%A6%E7%BF%92%E3%83%BB%E6%B7%B1%E5%B1%A4%E5%AD%A6%E7%BF%92%E3%81%AB%E5%BF%85%E8%A6%81%E3%81%AA%E5%9F%BA%E7%A4%8E%E7%9F%A5%E8%AD%98-%E6%88%91%E5%A6%BB-%E5%B9%B8%E9%95%B7-ebook/dp/B0F2ZVVFVX#customerReviews
Kindle版 (電子書籍),https://www.amazon.co.jp/Python%E3%81%A7%E5%8B%95%E3%81%8B%E3%81%97%E3%81%A6%E5%AD%A6%E3%81%B6%EF%BC%81%E3%81%82%E3%81%9F%E3%82%89%E3%81%97%E3%81%84%E6%95%B0%E5%AD%A6%E3%81%AE%E6%95%99%E7%A7%91%E6%9B%B8-%E7%AC%AC2%E7%89%88%E3%80%90%E3%83%AA%E3%83%95%E3%83%AD%E3%83%BC%E5%9E%8B%E3%80%91-%E6%A9%9F%E6%A2%B0%E5%AD%A6%E7%BF%92%E3%83%BB%E6%B7%B1%E5%B1%A4%E5%AD%A6%E7%BF%92%E3%81%AB%E5%BF%85%E8%A6%81%E3%81%AA%E5%9F%BA%E7%A4%8E%E7%9F%A5%E8%AD%98-%E6%88%91%E5%A6%BB-%E5%B9%B8%E9%95%B7-ebook/dp/B0F2ZVVFVX
"￥3,018￥3,018",https://www.amazon.co.jp/Python%E3%81%A7%E5%8B%95%E3%81%8B%E3%81%97%E3%81%A6%E5%AD%A6%E3%81%B6%EF%BC%81%E3%81%82%E3%81%9F%E3%82%89%E3%81%97%E3%81%84%E6%95%B0%E5%AD%A6%E3%81%AE%E6%95%99%E7%A7%91%E6%9B%B8-%E7%AC%AC2%E7%89%88%E3%80%90%E3%83%AA%E3%83%95%E3%83%AD%E3%83%BC%E5%9E%8B%E3%80%91-%E6%A9%9F%E6%A2%B0%E5%AD%A6%E7%BF%92%E3%83%BB%E6%B7%B1%E5%B1%A4%E5%AD%A6%E7%BF%92%E3%81%AB%E5%BF%85%E8%A6%81%E3%81%AA%E5%9F%BA%E7%A4%8E%E7%9F%A5%E8%AD%98-%E6%88%91%E5%A6%BB-%E5%B9%B8%E9%95%B7-ebook/dp/B0F2ZVVFVX
詳細はこちら,https://www.amazon.co.jp/b?node=18242783051&ref=dbs_points_tlp
単行本（ソフトカバー）,https://www.amazon.co.jp/Python%E3%81%A7%E5%8B%95%E3%81%8B%E3%81%97%E3%81%A6%E5%AD%A6%E3%81%B6%EF%BC%81%E3%81%82%E3%81%9F%E3%82%89%E3%81%97%E3%81%84%E6%95%B0%E5%AD%A6%E3%81%AE%E6%95%99%E7%A7%91%E6%9B%B8-%E7%AC%AC2%E7%89%88-%E6%A9%9F%E6%A2%B0%E5%AD%A6%E7%BF%92%E3%83%BB%E6%B7%B1%E5%B1%A4%E5%AD%A6%E7%BF%92%E3%81%AB%E5%BF%85%E8%A6%81%E3%81%AA%E5%9F%BA%E7%A4%8E%E7%9F%A5%E8%AD%98-AI-TECHNOLOGY/dp/4798185663
株式会社ビープラウド,https://www.amazon.co.jp/%25E6%25A0%25AA%25E5%25BC%258F%25E4%25BC%259A%25E7%25A4%25BE%25E3%2583%2593%25E3%2583%25BC%25E3%2583%2597%25E3%2583%25A9%25E3%2582%25A6%25E3%2583%2589/e/B078DZX8SC?ref=sr_ntt_srch_lnk_41&sr=8-41
12,https://www.amazon.co.jp/Python%E3%83%97%E3%83%AD%E3%83%95%E3%82%A7%E3%83%83%E3%82%B7%E3%83%A7%E3%83%8A%E3%83%AB%E3%83%97%E3%83%AD%E3%82%B0%E3%83%A9%E3%83%9F%E3%83%B3%E3%82%B0-%E7%AC%AC4%E7%89%88-%E6%A0%AA%E5%BC%8F%E4%BC%9A%E7%A4%BE%E3%83%93%E3%83%BC%E3%83%97%E3%83%A9%E3%82%A6%E3%83%89-ebook/dp/B0CV9MSHZK#customerReviews
Kindle版 (電子書籍),https://www.amazon.co.jp/Python%E3%83%97%E3%83%AD%E3%83%95%E3%82%A7%E3%83%83%E3%82%B7%E3%83%A7%E3%83%8A%E3%83%AB%E3%83%97%E3%83%AD%E3%82%B0%E3%83%A9%E3%83%9F%E3%83%B3%E3%82%B0-%E7%AC%AC4%E7%89%88-%E6%A0%AA%E5%BC%8F%E4%BC%9A%E7%A4%BE%E3%83%93%E3%83%BC%E3%83%97%E3%83%A9%E3%82%A6%E3%83%89-ebook/dp/B0CV9MSHZK
"￥2,673￥2,673",https://www.amazon.co.jp/Python%E3%83%97%E3%83%AD%E3%83%95%E3%82%A7%E3%83%83%E3%82%B7%E3%83%A7%E3%83%8A%E3%83%AB%E3%83%97%E3%83%AD%E3%82%B0%E3%83%A9%E3%83%9F%E3%83%B3%E3%82%B0-%E7%AC%AC4%E7%89%88-%E6%A0%AA%E5%BC%8F%E4%BC%9A%E7%A4%BE%E3%83%93%E3%83%BC%E3%83%97%E3%83%A9%E3%82%A6%E3%83%89-ebook/dp/B0CV9MSHZK
単行本（ソフトカバー）,https://www.amazon.co.jp/Python%E3%83%97%E3%83%AD%E3%83%95%E3%82%A7%E3%83%83%E3%82%B7%E3%83%A7%E3%83%8A%E3%83%AB%E3%83%97%E3%83%AD%E3%82%B0%E3%83%A9%E3%83%9F%E3%83%B3%E3%82%B0-%E7%AC%AC4%E7%89%88-%E6%A0%AA%E5%BC%8F%E4%BC%9A%E7%A4%BE%E3%83%93%E3%83%BC%E3%83%97%E3%83%A9%E3%82%A6%E3%83%89/dp/4798070548
樹下 雅章,https://www.amazon.co.jp/%25E6%25A8%25B9%25E4%25B8%258B-%25E9%259B%2585%25E7%25AB%25A0/e/B0DL9X6H6Q?ref=sr_ntt_srch_lnk_42&sr=8-42
11,https://www.amazon.co.jp/Python-FastAPI%E6%9C%AC%E6%A0%BC%E5%85%A5%E9%96%80-%E6%A8%B9%E4%B8%8B-%E9%9B%85%E7%AB%A0-ebook/dp/B0DJQNGSF4#customerReviews
Kindle版 (電子書籍),https://www.amazon.co.jp/Python-FastAPI%E6%9C%AC%E6%A0%BC%E5%85%A5%E9%96%80-%E6%A8%B9%E4%B8%8B-%E9%9B%85%E7%AB%A0-ebook/dp/B0DJQNGSF4
"￥3,234￥3,234",https://www.amazon.co.jp/Python-FastAPI%E6%9C%AC%E6%A0%BC%E5%85%A5%E9%96%80-%E6%A8%B9%E4%B8%8B-%E9%9B%85%E7%AB%A0-ebook/dp/B0DJQNGSF4
詳細はこちら,https://www.amazon.co.jp/b?node=18242783051&ref=dbs_points_tlp
単行本（ソフトカバー）,https://www.amazon.co.jp/Python-FastAPI%E6%9C%AC%E6%A0%BC%E5%85%A5%E9%96%80-%E6%A8%B9%E4%B8%8B-%E9%9B%85%E7%AB%A0/dp/4297144476
中島 省吾,https://www.amazon.co.jp/%25E4%25B8%25AD%25E5%25B3%25B6-%25E7%259C%2581%25E5%2590%25BE/e/B004LQIPN8?ref=sr_ntt_srch_lnk_43&sr=8-43
31,https://www.amazon.co.jp/Python%E3%81%A7%E3%83%87%E3%82%B9%E3%82%AF%E3%83%88%E3%83%83%E3%83%97%E3%82%A2%E3%83%97%E3%83%AA%E3%82%92%E4%BD%9C%E3%82%8D%E3%81%86-%E4%B8%AD%E5%B3%B6-%E7%9C%81%E5%90%BE-ebook/dp/B0CN8JPNSZ#customerReviews
Kindle版 (電子書籍),https://www.amazon.co.jp/Python%E3%81%A7%E3%83%87%E3%82%B9%E3%82%AF%E3%83%88%E3%83%83%E3%83%97%E3%82%A2%E3%83%97%E3%83%AA%E3%82%92%E4%BD%9C%E3%82%8D%E3%81%86-%E4%B8%AD%E5%B3%B6-%E7%9C%81%E5%90%BE-ebook/dp/B0CN8JPNSZ
"￥2,475￥2,475",https://www.amazon.co.jp/Python%E3%81%A7%E3%83%87%E3%82%B9%E3%82%AF%E3%83%88%E3%83%83%E3%83%97%E3%82%A2%E3%83%97%E3%83%AA%E3%82%92%E4%BD%9C%E3%82%8D%E3%81%86-%E4%B8%AD%E5%B3%B6-%E7%9C%81%E5%90%BE-ebook/dp/B0CN8JPNSZ
単行本（ソフトカバー）,https://www.amazon.co.jp/Python%E3%81%A7%E3%83%87%E3%82%B9%E3%82%AF%E3%83%88%E3%83%83%E3%83%97%E3%82%A2%E3%83%97%E3%83%AA%E3%82%92%E4%BD%9C%E3%82%8D%E3%81%86-%E4%B8%AD%E5%B3%B6-%E7%9C%81%E5%90%BE/dp/429620355X
寺田 学,https://www.amazon.co.jp/%25E5%25AF%25BA%25E7%2594%25B0-%25E5%25AD%25A6/e/B004LUXBL0?ref=sr_ntt_srch_lnk_44&sr=8-44
13,https://www.amazon.co.jp/Python%E3%81%AB%E3%82%88%E3%82%8B%E3%81%82%E3%81%9F%E3%82%89%E3%81%97%E3%81%84%E3%83%87%E3%83%BC%E3%82%BF%E5%88%86%E6%9E%90%E3%81%AE%E6%95%99%E7%A7%91%E6%9B%B8-%E7%AC%AC3%E7%89%88%E3%80%90%E3%83%AA%E3%83%95%E3%83%AD%E3%83%BC%E5%9E%8B%E3%80%91-%E5%AF%BA%E7%94%B0-%E5%AD%A6-ebook/dp/B0F28DW4XH#customerReviews
Kindle版 (電子書籍),https://www.amazon.co.jp/Python%E3%81%AB%E3%82%88%E3%82%8B%E3%81%82%E3%81%9F%E3%82%89%E3%81%97%E3%81%84%E3%83%87%E3%83%BC%E3%82%BF%E5%88%86%E6%9E%90%E3%81%AE%E6%95%99%E7%A7%91%E6%9B%B8-%E7%AC%AC3%E7%89%88%E3%80%90%E3%83%AA%E3%83%95%E3%83%AD%E3%83%BC%E5%9E%8B%E3%80%91-%E5%AF%BA%E7%94%B0-%E5%AD%A6-ebook/dp/B0F28DW4XH
"￥2,997￥2,997",https://www.amazon.co.jp/Python%E3%81%AB%E3%82%88%E3%82%8B%E3%81%82%E3%81%9F%E3%82%89%E3%81%97%E3%81%84%E3%83%87%E3%83%BC%E3%82%BF%E5%88%86%E6%9E%90%E3%81%AE%E6%95%99%E7%A7%91%E6%9B%B8-%E7%AC%AC3%E7%89%88%E3%80%90%E3%83%AA%E3%83%95%E3%83%AD%E3%83%BC%E5%9E%8B%E3%80%91-%E5%AF%BA%E7%94%B0-%E5%AD%A6-ebook/dp/B0F28DW4XH
詳細はこちら,https://www.amazon.co.jp/b?node=18242783051&ref=dbs_points_tlp
単行本（ソフトカバー）,https://www.amazon.co.jp/Python%E3%81%AB%E3%82%88%E3%82%8B%E3%81%82%E3%81%9F%E3%82%89%E3%81%97%E3%81%84%E3%83%87%E3%83%BC%E3%82%BF%E5%88%86%E6%9E%90%E3%81%AE%E6%95%99%E7%A7%91%E6%9B%B8-%E7%AC%AC3%E7%89%88-AI-TECHNOLOGY-%E5%AF%BA%E7%94%B0/dp/4798191027
クジラ飛行机,https://www.amazon.co.jp/%25E3%2582%25AF%25E3%2582%25B8%25E3%2583%25A9%25E9%25A3%259B%25E8%25A1%258C%25E6%259C%25BA/e/B004LUJAJC?ref=sr_ntt_srch_lnk_45&sr=8-45
Kindle版 (電子書籍),https://www.amazon.co.jp/%E3%82%82%E3%81%A3%E3%81%A8%E3%82%B7%E3%82%B4%E3%83%88%E3%81%8C%E3%81%AF%E3%81%8B%E3%81%A9%E3%82%8B-Python%C3%97Excel%C3%97AI-%E6%A5%AD%E5%8B%99%E8%87%AA%E5%8B%95%E5%8C%96%E3%81%AE%E6%95%99%E7%A7%91%E6%9B%B8-%E3%82%AF%E3%82%B8%E3%83%A9%E9%A3%9B%E8%A1%8C%E6%9C%BA-ebook/dp/B0FFG2XL8J
"￥2,948￥2,948",https://www.amazon.co.jp/%E3%82%82%E3%81%A3%E3%81%A8%E3%82%B7%E3%82%B4%E3%83%88%E3%81%8C%E3%81%AF%E3%81%8B%E3%81%A9%E3%82%8B-Python%C3%97Excel%C3%97AI-%E6%A5%AD%E5%8B%99%E8%87%AA%E5%8B%95%E5%8C%96%E3%81%AE%E6%95%99%E7%A7%91%E6%9B%B8-%E3%82%AF%E3%82%B8%E3%83%A9%E9%A3%9B%E8%A1%8C%E6%9C%BA-ebook/dp/B0FFG2XL8J
単行本（ソフトカバー）,https://www.amazon.co.jp/%E3%82%82%E3%81%A3%E3%81%A8%E3%82%B7%E3%82%B4%E3%83%88%E3%81%8C%E3%81%AF%E3%81%8B%E3%81%A9%E3%82%8B-Python%C3%97Excel%C3%97AI-%E6%A5%AD%E5%8B%99%E8%87%AA%E5%8B%95%E5%8C%96%E3%81%AE%E6%95%99%E7%A7%91%E6%9B%B8-%E3%82%AF%E3%82%B8%E3%83%A9%E9%A3%9B%E8%A1%8C%E6%9C%BA/dp/4839988307
805,https://www.amazon.co.jp/%E7%8B%AC%E5%AD%A6%E3%83%97%E3%83%AD%E3%82%B0%E3%83%A9%E3%83%9E%E3%83%BC-Python%E8%A8%80%E8%AA%9E%E3%81%AE%E5%9F%BA%E6%9C%AC%E3%81%8B%E3%82%89%E4%BB%95%E4%BA%8B%E3%81%AE%E3%82%84%E3%82%8A%E6%96%B9%E3%81%BE%E3%81%A7-%E3%82%B3%E3%83%BC%E3%83%AA%E3%83%BC%E3%83%BB%E3%82%A2%E3%83%AB%E3%82%BD%E3%83%95/dp/4822292274#customerReviews
単行本,https://www.amazon.co.jp/%E7%8B%AC%E5%AD%A6%E3%83%97%E3%83%AD%E3%82%B0%E3%83%A9%E3%83%9E%E3%83%BC-Python%E8%A8%80%E8%AA%9E%E3%81%AE%E5%9F%BA%E6%9C%AC%E3%81%8B%E3%82%89%E4%BB%95%E4%BA%8B%E3%81%AE%E3%82%84%E3%82%8A%E6%96%B9%E3%81%BE%E3%81%A7-%E3%82%B3%E3%83%BC%E3%83%AA%E3%83%BC%E3%83%BB%E3%82%A2%E3%83%AB%E3%82%BD%E3%83%95/dp/4822292274
"￥2,420￥2,420",https://www.amazon.co.jp/%E7%8B%AC%E5%AD%A6%E3%83%97%E3%83%AD%E3%82%B0%E3%83%A9%E3%83%9E%E3%83%BC-Python%E8%A8%80%E8%AA%9E%E3%81%AE%E5%9F%BA%E6%9C%AC%E3%81%8B%E3%82%89%E4%BB%95%E4%BA%8B%E3%81%AE%E3%82%84%E3%82%8A%E6%96%B9%E3%81%BE%E3%81%A7-%E3%82%B3%E3%83%BC%E3%83%AA%E3%83%BC%E3%83%BB%E3%82%A2%E3%83%AB%E3%82%BD%E3%83%95/dp/4822292274
(76点の中古品と新品),https://www.amazon.co.jp/gp/offer-listing/4822292274/ref=sr_1_46_olp?keywords=python+%E6%9C%AC&sr=8-46
Kindle版 (電子書籍),https://www.amazon.co.jp/%E7%8B%AC%E5%AD%A6%E3%83%97%E3%83%AD%E3%82%B0%E3%83%A9%E3%83%9E%E3%83%BC-Python%E8%A8%80%E8%AA%9E%E3%81%AE%E5%9F%BA%E6%9C%AC%E3%81%8B%E3%82%89%E4%BB%95%E4%BA%8B%E3%81%AE%E3%82%84%E3%82%8A%E6%96%B9%E3%81%BE%E3%81%A7-%E3%82%B3%E3%83%BC%E3%83%AA%E3%83%BC%E3%83%BB%E3%82%A2%E3%83%AB%E3%82%BD%E3%83%95-ebook/dp/B07BKVP9QY
安田浩平,https://www.amazon.co.jp/%25E5%25AE%2589%25E7%2594%25B0%25E6%25B5%25A9%25E5%25B9%25B3/e/B0DNVN3ZL4?ref=sr_ntt_srch_lnk_47&sr=8-47
18,https://www.amazon.co.jp/Python%E5%AE%9F%E8%B7%B5-%E3%83%87%E3%83%BC%E3%82%BF%E5%88%86%E6%9E%90-%E8%AA%B2%E9%A1%8C%E8%A7%A3%E6%B1%BA%E3%83%AF%E3%83%BC%E3%82%AF%E3%83%96%E3%83%83%E3%82%AF-%E9%BB%92%E6%9C%A8%E8%B3%A2%E4%B8%80/dp/4798071420#customerReviews
単行本（ソフトカバー）,https://www.amazon.co.jp/Python%E5%AE%9F%E8%B7%B5-%E3%83%87%E3%83%BC%E3%82%BF%E5%88%86%E6%9E%90-%E8%AA%B2%E9%A1%8C%E8%A7%A3%E6%B1%BA%E3%83%AF%E3%83%BC%E3%82%AF%E3%83%96%E3%83%83%E3%82%AF-%E9%BB%92%E6%9C%A8%E8%B3%A2%E4%B8%80/dp/4798071420
"￥2,640￥2,640",https://www.amazon.co.jp/Python%E5%AE%9F%E8%B7%B5-%E3%83%87%E3%83%BC%E3%82%BF%E5%88%86%E6%9E%90-%E8%AA%B2%E9%A1%8C%E8%A7%A3%E6%B1%BA%E3%83%AF%E3%83%BC%E3%82%AF%E3%83%96%E3%83%83%E3%82%AF-%E9%BB%92%E6%9C%A8%E8%B3%A2%E4%B8%80/dp/4798071420
(21点の中古品と新品),https://www.amazon.co.jp/gp/offer-listing/4798071420/ref=sr_1_47_olp?keywords=python+%E6%9C%AC&sr=8-47
Kindle版 (電子書籍),https://www.amazon.co.jp/Python%E5%AE%9F%E8%B7%B5-%E3%83%87%E3%83%BC%E3%82%BF%E5%88%86%E6%9E%90-%E8%AA%B2%E9%A1%8C%E8%A7%A3%E6%B1%BA%E3%83%AF%E3%83%BC%E3%82%AF%E3%83%96%E3%83%83%E3%82%AF-%E9%BB%92%E6%9C%A8%E8%B3%A2%E4%B8%80-ebook/dp/B0CW1JNYF1
馬場 真哉,https://www.amazon.co.jp/%25E9%25A6%25AC%25E5%25A0%25B4-%25E7%259C%259F%25E5%2593%2589/e/B07DHSVQ4B?ref=sr_ntt_srch_lnk_48&sr=8-48
70,https://www.amazon.co.jp/Python%E3%81%A7%E5%AD%A6%E3%81%B6%E3%81%82%E3%81%9F%E3%82%89%E3%81%97%E3%81%84%E7%B5%B1%E8%A8%88%E5%AD%A6%E3%81%AE%E6%95%99%E7%A7%91%E6%9B%B8-%E7%AC%AC2%E7%89%88-%E9%A6%AC%E5%A0%B4-%E7%9C%9F%E5%93%89-ebook/dp/B09XX1HLKN#customerReviews
Kindle版 (電子書籍),https://www.amazon.co.jp/Python%E3%81%A7%E5%AD%A6%E3%81%B6%E3%81%82%E3%81%9F%E3%82%89%E3%81%97%E3%81%84%E7%B5%B1%E8%A8%88%E5%AD%A6%E3%81%AE%E6%95%99%E7%A7%91%E6%9B%B8-%E7%AC%AC2%E7%89%88-%E9%A6%AC%E5%A0%B4-%E7%9C%9F%E5%93%89-ebook/dp/B09XX1HLKN
"￥3,267￥3,267",https://www.amazon.co.jp/Python%E3%81%A7%E5%AD%A6%E3%81%B6%E3%81%82%E3%81%9F%E3%82%89%E3%81%97%E3%81%84%E7%B5%B1%E8%A8%88%E5%AD%A6%E3%81%AE%E6%95%99%E7%A7%91%E6%9B%B8-%E7%AC%AC2%E7%89%88-%E9%A6%AC%E5%A0%B4-%E7%9C%9F%E5%93%89-ebook/dp/B09XX1HLKN
単行本（ソフトカバー）,https://www.amazon.co.jp/Python%E3%81%A7%E5%AD%A6%E3%81%B6%E3%81%82%E3%81%9F%E3%82%89%E3%81%97%E3%81%84%E7%B5%B1%E8%A8%88%E5%AD%A6%E3%81%AE%E6%95%99%E7%A7%91%E6%9B%B8-%E7%AC%AC2%E7%89%88-%E9%A6%AC%E5%A0%B4%E7%9C%9F%E5%93%89/dp/4798171948
ヘルプセクションを参照する,https://www.amazon.co.jp/gp/help/customer/display.html?nodeId=642942
お問い合わせ,https://www.amazon.co.jp/gp/help/customer/contact-us
